,Country Name,Number of Companies,Investment Amount,"('Number of Papers', 'Conference')","('Number of Papers', 'Journal')","('Number of Papers', 'Patent')","('Number of Papers', 'Repository')","('Number of Citations', 'Conference')","('Number of Citations', 'Journal')","('Number of Citations', 'Patent')","('Number of Citations', 'Repository')",2020 Vibrancy Rank (only absolute metrics),Number of Companies Normalized,Investment Amount Normalized,Number of PapersConference Normalized,Number of PapersJournal Normalized,Number of PapersPatent Normalized,Number of PapersRepository Normalized,Number of CitationsConference Normalized,Number of CitationsJournal Normalized,Number of CitationsPatent Normalized,Number of CitationsRepository Normalized,Number NaN,Index Equal Metric Weights,Index Equal Pillar Weights,Index Andre Prefers,Rank Equal Metric Weights,Rank Equal Pillar Weights,Rank Andre Prefers,Rank Difference Max
0,United States,184.0,23597061376.0,6692.87540827691,9416.71317598968,2757.33333358168,6080.86964398622,17268.0761942118,27641.7656435668,588.333333373069,8982.14130894839,1.0,100.0,100.0,100.0,67.92747000766872,100.0,100.0,100.0,95.50758163839667,100.0,100.0,0,963.4350516460654,1163.4350516460654,1163.4350516460654,1,1,1,0
3,China,3.0,9933432648.0,5239.98731017112,13862.8940175846,362.000000029802,1735.90272212773,5080.46666742861,28941.9595485329,136.5,2040.28016059845,2.0,1.6304347826086956,42.09605802061037,78.29201935674703,100.0,13.128626692354839,28.546948442555095,29.421150395036854,100.0,23.201133142908933,22.7148526216776,0,439.0312234544994,482.7577162577185,563.6889627337217,2,2,2,0
1,United Kingdom,43.0,1878275064.0,1212.4932937771,2167.64292491227,215.000000059604,1079.16765461862,1665.75357183814,6365.20558062195,35.0,1196.47979895025,6.0,23.369565217391305,7.95978378015471,18.116179068231872,15.63629442858533,7.797388782890695,17.74692959724735,9.646433992435675,21.993001441205486,5.949008498181778,13.320652145143454,0,141.53523695146765,172.86458594901364,142.04502307454047,3,3,3,0
7,Germany,34.0,578325343.0,1114.36233996599,1342.96824423223,326.500000059604,893.072415523231,1662.71547706425,3348.98277284204,38.5,737.223052605986,7.0,18.47826086956522,2.4508362875565544,16.64997885046368,9.68750278642195,11.84115087150134,14.686590369626659,9.628840285182356,11.571375349433808,6.543909347999955,8.207653690234567,0,109.74609870798609,130.67519586510787,98.62034670109053,4,4,5,1
9,Japan,17.0,390861767.0,1057.22063631564,1446.55239472538,994.333333462476,335.006566308438,546.566666960716,1888.48452673852,84.5,229.207576155662,9.0,9.23913043478261,1.6564001795475094,15.796209727857802,10.434707160643935,36.06141199369869,5.509188420767225,3.1651856339614906,6.525074860849389,14.362606231324577,2.551814408968557,0,105.30172905240178,116.19725966673191,101.0317991562617,5,6,4,2
4,India,28.0,496679517.0,1494.41111233085,3188.99600967019,44.8333333730697,424.962302170693,928.033333867788,5342.59074366092,15.5,331.393651343882,3.0,15.217391304347826,2.1048363145131312,22.32838684674676,23.003825937247008,1.6259671192830631,6.988511957183078,5.374271710585002,18.459671794862082,2.634560906337644,3.6894726986062176,0,101.42689658971182,118.74912420857278,92.52401422890338,6,5,6,1
5,Canada,32.0,796623489.0,779.212736226618,1343.18427596986,17.1666666865348,601.933093249797,818.114285871386,3838.24195738136,12.0,601.796464666724,4.0,17.391304347826086,3.375943624108324,11.64242106259718,9.689061131579578,0.6225822056934951,9.898799489067967,4.7377268704988404,13.261859311720048,2.0396600565194665,6.699922033816021,0,79.359280133427,100.12652810536142,72.09580665792589,7,7,8,1
8,France,7.0,549677685.0,630.142101742327,773.75329734385,624.666666686534,378.574460409581,678.166667297482,1775.91237179934,66.5,329.008767269551,11.0,3.8043478260869565,2.3294327892839397,9.415117767813907,5.581470192027514,22.6547388768232,6.225663146454368,3.9272855856682005,6.136116557074529,11.303116146545378,3.662921300756853,0,75.04021018853484,81.17399080390574,78.22416073029972,8,8,7,1
144,"Korea, Republic Of",,,684.002778634429,1395.78324965387,588.500000029802,249.897558405995,572.316666662693,2483.94550444185,69.0,202.974603317678,5.0,0.0,0.0,10.21986421245105,10.068483881384127,21.34308510554148,4.109569404322546,3.314304733346796,8.582506309831961,11.728045324986933,2.2597574045675066,2,71.6256163764324,71.6256163764324,71.6256163764324,9,9,9,0
12,Australia,8.0,289944519.0,658.15238328278,1137.71201790869,38.0,501.594662569463,1225.83095182478,3620.28372910618,10.5,487.38694165647,10.0,4.3478260869565215,1.228731469482448,9.833626702042883,8.206886790489358,1.3781431333381562,8.248732367836954,7.098827559237168,12.508771989109135,1.7847025494545332,5.426177621709363,0,60.06242626965653,65.6389838260955,59.40079459114735,10,10,10,0
17,Italy,5.0,75412354.0,508.533767364919,877.943989455699,75.6666666865348,266.060137800872,483.825000092387,2313.07142941653,2.5,267.493290379643,16.0,2.717391304347826,0.31958366678954386,7.598135873499575,6.333049854828707,2.744197292543025,4.375363284822209,2.801846567335413,7.992103732775005,0.42492917844155553,2.97805702648159,0,38.28465778186445,41.32163275300182,36.52601747788526,11,13,12,2
19,Hong Kong,3.0,225894361.0,386.577779754996,535.562640450894,42.8333333432674,260.550001114606,1053.9499990791,1995.32710425555,12.5,237.333333797752,,1.6304347826086956,0.9572986966493704,5.775959601413243,3.863281647912416,1.5534332690791643,4.284748997576052,6.103459280729723,6.8942363799160775,2.1246458922077776,2.642280116004304,0,35.82977866409682,38.41751214335489,37.07123997143624,12,14,11,3
10,Singapore,14.0,315263624.0,327.584525190293,406.203645892441,29.8333333432674,216.249243244528,637.300001755356,2020.53759174048,9.5,174.383333414793,8.0,7.608695652173913,1.3360291731946208,4.894525972875238,2.930150409987884,1.081963249779269,3.556222315312932,3.6906253747535396,6.981343430987219,1.614730878077911,1.9414450008826392,0,35.63573145802517,44.5804562833937,32.035123325435116,13,12,15,3
16,Switzerland,5.0,181260748.0,268.771826386451,361.542509272694,74.0000000596046,328.911303430795,733.907142996788,1234.39870259165,23.8333333730697,341.325433559715,14.0,2.717391304347826,0.7681496653831478,4.015790075130752,2.6079872558651163,2.683752419714927,5.4089517238061084,4.250080522825068,4.265083366320381,4.050991507896886,3.800045243328249,0,34.56822308461847,38.053764054349436,34.15528077642008,14,15,13,2
25,Taiwan,5.0,32042626.0,374.291667297482,606.453645177185,215.333333343267,78.1537881791591,234.91666957736,792.146430701017,23.0,194.690909147262,,2.717391304347826,0.13579074737072888,5.592389585418024,4.374653982118882,7.809477755943148,1.2852403151981826,1.3604101981904808,2.737017268553165,3.9093484416623108,2.1675333581459317,0,32.08925295694868,34.94243500866723,29.779233894713038,15,16,16,1
6,Israel,24.0,1247279732.0,153.183333739638,194.301191024482,12.0,140.442002817988,272.11666676402,411.145237997174,5.0,101.923016168177,13.0,13.043478260869565,5.285741779985274,2.2887522088069954,1.4015918377361731,0.4352030947383651,2.309571015995722,1.5758366114647593,1.4205853522382363,0.8498583568831111,1.134729600241726,0,29.745348118959924,48.07456815981477,32.55909519804619,16,11,14,5
11,Spain,7.0,97886112.0,319.300433784723,878.756759561598,4.33333334326744,202.074423409998,265.410714462399,1833.68110950291,0.0,173.173449076712,18.0,3.8043478260869565,0.41482331397229655,4.770751198951832,6.338912772808661,0.15715667346024467,3.323117173048479,1.537002220035164,6.33571858335301,0.0,1.927975113286063,0,28.609804875002705,32.82897601506196,26.049926990832642,17,17,17,0
14,Netherlands,6.0,64597258.0,228.28571486473,523.574713610112,16.3333333432674,245.668446101248,314.385714560747,1273.04512926936,3.5,208.954401388764,17.0,3.260869565217391,0.27375128186809017,3.4108765058201267,3.7768067255363538,0.5923597681986084,4.040021583824051,1.8206180643685599,4.398614154423735,0.5949008498181777,2.326331708682815,0,24.49515020775791,28.02977105484339,22.05553448814479,18,18,18,0
15,Brazil,6.0,31842570.0,374.575000688433,543.346898779273,0.5,152.111111402511,108.833333522081,874.707503914833,0.0,73.9944446161389,12.0,3.260869565217391,0.134942946889083,5.596622943633547,3.919433403227756,0.018133462280765213,2.501469696081117,0.6302574316793991,3.0222815509365635,0.0,0.8237951516351953,0,19.907806151580818,23.303618663687296,17.051765427030674,19,19,20,1
29,Turkey,8.0,11150000.0,173.950000166893,584.330891922116,0.5,97.9444445297122,92.633333414793,1459.05555555224,0.0,40.2777778580784,,4.3478260869565215,0.04725164639076794,2.599032397223074,4.215071479165264,0.018133462280765213,1.6106979801248664,0.536442695601745,5.041315717083853,0.0,0.4484206657710002,0,18.864192130597853,23.259269863945146,14.658120982813639,20,20,22,2
65,Iran,,,159.416666865348,927.166210159659,,113.51904785633,219.416666716337,1482.36877299845,,120.328571438789,,0.0,0.0,2.3818860675069704,6.688114393600506,0.0,1.866822584637982,1.2706491693028592,5.121867337671657,0.0,1.3396423781366318,4,18.668981930856603,18.668981930856603,18.668981930856603,21,22,19,3
18,Sweden,5.0,145942311.0,190.991667181253,242.736953146755,18.5,122.22717603296,153.766667082905,685.017042487859,7.0,69.6242426559328,19.0,2.717391304347826,0.6184766343339446,2.8536563962487396,1.7509832567345,0.6709381043883129,2.0100278938529565,0.8904678515053521,2.3668647637322238,1.1898016996363554,0.7751408073102811,0,15.843748712090493,19.17961665077226,14.981787310744501,22,21,21,1
21,Finland,1.0,155986034.0,93.2750003784895,143.765513025224,16.0,66.0109670758247,235.075000181794,450.984269186854,13.5,76.3885282948613,20.0,0.5434782608695652,0.6610400825530319,1.3936461489054264,1.0370526734379015,0.5802707929844868,1.085551425051635,1.3613270959540376,1.5582368167939578,2.2946175635843997,0.8504489705451395,0,11.36566983067958,12.57018817410218,12.805311817469113,23,25,23,2
26,Belgium,4.0,28097532.0,126.000000208616,284.992039754986,1.5,78.7204547598958,103.583333432674,579.573845490813,0.0,82.2242425084114,23.0,2.1739130434782608,0.11907216560693154,1.8825989208284826,2.05579036666863,0.05440038684229564,1.2945591563165268,0.5998545076341206,2.002538371732996,0.0,0.915419159866658,0,11.098146078974903,13.391131288060095,9.281449532317435,24,23,27,4
22,Russia,3.0,18720094.0,194.676190733909,264.816606149077,26.0,78.1678573340177,103.897619187831,304.175396978855,0.0,58.2083334326744,25.0,1.6304347826086956,0.07933231050133961,2.9087078252369363,1.910254855971389,0.942940038599791,1.2854716826782029,0.6016745468302782,1.0509841134591524,0.0,0.6480451757609824,0,11.057845331646769,12.767612424756804,9.665407480542092,25,24,25,1
53,Pakistan,1.0,,110.333333745598,426.05516076833,0.83333334326744,36.3444445505738,122.883333474397,1080.74047620594,0.0,9.91111118346452,,0.5434782608695652,0.0,1.6485191642616197,3.0733493325989056,0.030222437494888187,0.5976849805770341,0.7116214457959542,3.7341648356381727,0.0,0.11034240992836142,1,10.4493828671645,10.992861128034065,9.905904606294936,26,29,24,5
56,Saudi Arabia,2.0,1698817.0,85.3166669160127,407.702382743358,12.8333333432674,36.0333334505557,97.6833334118127,876.73571498692,0.5,32.8666667193174,,1.0869565217391304,0.007199273557544863,1.274738609514585,2.9409615497759822,0.46542553223325184,0.5925687534872826,0.5656874125014332,3.0292894077082724,0.08498583568831111,0.36591126312580086,0,10.413724159331595,11.507879954628269,9.348365458265098,27,28,26,2
30,Austria,3.0,32909256.0,112.116666905581,179.083705872297,1.66666668653488,82.8519233241677,111.033333599567,623.745757266879,3.5,67.9500002413988,,1.6304347826086956,0.139463365694642,1.6751644109037074,1.291820493218339,0.060444874989776375,1.362501223917956,0.6429977048444168,2.155160766571168,0.5949008498181777,0.7565011271165832,0,10.309389599683461,12.0792877479868,9.097344914158693,28,26,28,2
42,Malaysia,4.0,22735000.0,148.916666924953,358.675433844327,1.0,12.5333333909511,12.8333333432674,538.239826038479,0.0,9.03333349525928,,2.1739130434782608,0.0963467426631488,2.22500282525492,2.587305604366301,0.036266924561530425,0.20611087105519776,0.07431825756924265,1.8597214370917154,0.0,0.10056993298758159,0,9.3595556390279,11.629815425169308,7.4746828235390845,29,27,30,3
20,Poland,3.0,53760562.0,171.983333647251,260.248846195638,,34.7039683237671,105.649997472763,349.112842962145,,17.5468254387378,,1.6304347826086956,0.2278273601249288,2.569647918958174,1.8773053149329524,0.0,0.5707073223989957,0.611822627399435,1.2062515752491332,0.0,0.1953523645999302,2,8.889349266272244,10.747611409005868,7.942396564038335,30,30,29,1
33,Portugal,3.0,35914351.0,146.157576158642,170.547655679285,7.16666668653488,40.8883117884397,54.3333334624767,339.171969652175,4.0,14.8944805562496,,1.6304347826086956,0.1521984048256433,2.1837785292983733,1.2302456865280165,0.2599129600781937,0.6724089510597698,0.31464612995331265,1.171903958622484,0.6798866855064889,0.16582327135525118,0,8.46123935983623,10.243872547270566,7.287399791704463,31,31,32,1
24,Denmark,1.0,50502777.0,96.4916669875383,139.398846268653,0.5,85.0958877652883,136.558333545923,265.235065281391,0.0,80.5266234278678,21.0,0.5434782608695652,0.21402146731442226,1.4417072050707755,1.0055537183782146,0.018133462280765213,1.3994032555762042,0.7908138232080357,0.9164378273579475,0.0,0.8965192225114936,0,7.226068242567424,7.983567970751411,7.324654383641125,32,33,31,2
48,Egypt,,2710000.0,77.4166668951511,253.400000929832,,16.4166667163372,44.4166664779186,508.449999764561,,149.166666686534,,0.0,0.0114844808716575,1.156702645314626,1.8279011626894277,0.0,0.2699723506254199,0.2572183836715228,1.7567918955588993,0.0,1.6607027384208244,3,6.940773657152378,6.952258138024035,6.975227099767351,33,38,33,5
23,Ireland,3.0,73025787.0,91.3504330962896,110.174242950975,6.83333334326744,57.9500000625848,81.9523810446262,221.69523872435,0.5,22.5333333462476,22.0,1.6304347826086956,0.3094698354019317,1.364890686345645,0.7947420128237495,0.24782398486407073,0.9529886916733273,0.4745889473900767,0.7659994077200898,0.08498583568831111,0.2508681679701358,0,6.876792352486033,8.816696970496661,6.174767076083133,34,32,36,4
45,Greece,,5581354.0,141.083333656191,212.157143488526,,46.866666778922,54.9999999403953,459.142857685685,,23.2833333760499,,0.0,0.02365275027710298,2.1079629464148817,1.5303957688734549,0.0,0.7707230959188806,0.3185068175621735,1.5864262988680717,0.0,0.25921807033757144,3,6.596885748252136,6.620538498529239,6.667843999083445,35,40,34,6
28,Norway,1.0,13656552.0,72.7575760185718,156.377850674092,2.5,58.1654153615236,64.1666667461395,422.17518146336,0.5,48.5551588535308,24.0,0.5434782608695652,0.05787395210951881,1.0870899513323429,1.1280317838088652,0.09066731140382607,0.9565311997609961,0.37159128801880054,1.4586959143364586,0.08498583568831111,0.540574426335935,0,6.31951992366462,6.920872136643704,5.949663519123611,36,39,37,3
46,Vietnam,3.0,2950000.0,52.4500002115964,146.191209800541,,14.9857143312692,9.88333335518836,636.523534640669,,11.828571498394,,1.6304347826086956,0.012501556668409455,0.7836691558120567,1.0545504395770646,0.0,0.24644031542576447,0.05723471013233784,2.199310428767893,0.0,0.13168988431088116,2,6.115831273303103,7.758767612580208,4.522901160699635,37,35,43,8
37,Indonesia,3.0,63500000.0,156.416666746139,149.969444610178,,18.0833333432674,8.33333334326744,53.4166667461395,,8.5,,1.6304347826086956,0.26910130455728826,2.337062281970802,1.081804740193115,0.0,0.2973807103586117,0.0482586088313691,0.18456478959748684,0.0,0.09463222307059387,2,5.943239441187962,7.842775528353945,5.120108572251131,38,34,39,5
36,Czech Republic,1.0,11052597.0,130.642857380211,116.394048005342,1.5,42.3565657511353,129.892857149243,186.609920784831,0.0,29.1520203277468,,0.5434782608695652,0.04683887041647198,1.951969062783513,0.8396085828666091,0.05440038684229564,0.6965544113089902,0.752213829081798,0.6447729307060359,0.0,0.32455535183692025,0,5.8543916867122,6.444708817998237,5.4514300370920505,39,41,38,3
39,New Zealand,,52586734.0,101.666666984558,178.624243155121,0.5,25.8166667371988,49.1666665077209,508.07576021552,0.0,7.90000000596046,26.0,0.0,0.22285289325680482,1.5190282320036828,1.2885061584438455,0.018133462280765213,0.42455550354924376,0.2847257908451979,1.7554988264133446,0.0,0.08795230150844036,1,5.601253168301324,5.824106061558129,6.269811848071739,40,44,35,9
31,Mexico,1.0,,95.2833335548639,233.696429170668,,20.7121212780475,14.0500000417232,342.515476509928,,10.2575757801532,,0.5434782608695652,0.0,1.4236531795740497,1.685769427900352,0.0,0.3406111706165435,0.08136401463431527,1.1834564136390362,0.0,0.1141996705165857,3,5.372532137750448,5.916010398620013,4.829053876880883,41,43,40,3
27,United Arab Emirates,3.0,11900000.0,70.5428573936224,113.735714897513,7.0,14.083333402872,53.7023811042308,212.478571921587,0.5,10.1666665971279,,1.6304347826086956,0.0504300082556178,1.0539992617580154,0.8204326943078638,0.253868471930713,0.23160064641082964,0.3109922639919301,0.7341540629454641,0.08498583568831111,0.11318756015338387,0,5.284085588050824,6.964950378915138,3.8049408302089827,42,37,46,9
55,Bangladesh,,583108.0,104.333333402872,111.166666984558,,43.9000001251697,25.6666666865348,353.11666637659,,30.0333332717418,,0.0,0.0024711043070518306,1.5588715916307898,0.8019008645925372,0.0,0.7219362146430052,0.1486365151384853,1.220085550131625,0.0,0.3343671874970539,3,4.788269027940548,4.7907401322476,4.7956823408617035,43,46,42,4
38,South Africa,2.0,93729061.0,63.6666667461395,119.925000295042,,29.3095239177346,10.5,213.147619262337,,10.8166668117046,15.0,1.0869565217391304,0.3972064974807819,0.9512603008776249,0.8650791107752919,0.0,0.48199559657919583,0.060805847055038845,0.7364657493384607,0.0,0.12042414430653163,2,4.700193768152056,6.184356787371969,4.804856738855272,44,42,41,3
13,South Korea,5.0,249252960.0,,6.0,,,,39.0,,,,2.717391304347826,1.0562881370199306,0.0,0.04328100606113852,0.0,0.0,0.0,0.1347524514869172,0.0,0.0,6,3.951712898915813,7.72539234028357,4.403186005627778,45,36,44,9
59,Romania,2.0,,105.833333432674,52.1500000804662,,18.0000000298023,29.2500001788139,96.883333325386,,8.33333334326744,,1.0869565217391304,0.0,1.581283483953587,0.37618407826183864,0.0,0.2960102926660122,0.16938771783169684,0.33475042753384376,0.0,0.09277668939549437,3,3.937349211381603,5.024305733120733,2.8503926896424727,46,45,51,6
43,Hungary,1.0,79451243.0,65.0416667312383,60.4032108411192,,25.7773810476064,19.7916665375232,87.9838743507862,,46.6619049310684,,0.5434782608695652,0.3366997344881593,0.97180453487604,0.435718622421118,0.0,0.4239094497462116,0.11461419508999675,0.3040010964124445,0.0,0.5194964466277304,2,3.649722340531266,4.52990033588899,4.116343283126178,47,47,45,2
47,Thailand,,9000000.0,133.166666805744,99.8666670545935,,10.9166666865348,16.7500000596046,123.966667100787,,4.75,,0.0,0.03814034237819834,1.98967795875985,0.720388303682594,0.0,0.17952476085934557,0.09699980398059131,0.42832852037163116,0.0,0.05288271289239069,3,3.5059424029246014,3.5440827453027994,3.620363430059196,48,50,47,3
73,Jordan,,675000.0,22.083333402872,109.666666895151,0.5,9.66666668653488,47.0,362.966666802764,1.5,3.66666668653488,,0.0,0.0028605256783648756,0.32995285368022986,0.7910806124323149,0.018133462280765213,0.15896849056935294,0.2721785534844596,1.2541191835822436,0.2549575070649333,0.04082174350655106,1,3.1230729322792157,3.1259334579575806,3.13165450931431,49,51,48,3
35,Chile,2.0,93300000.0,21.3333333730697,54.3583337217569,,13.2954545915126,4.0,126.708333030343,,5.92424243688583,,1.0869565217391304,0.39538821598732277,0.318746907296187,0.3921138952141251,0.0,0.21864396656917925,0.02316413221144337,0.43780149999126783,0.0,0.06595579197784217,2,2.938770930986498,4.42111566871295,3.0379790572093355,50,48,49,2
148,Macao,,,27.9500001519918,119.783334016799,,9.65000006556511,42.5833333134651,350.883334010839,,2.70000004768371,,0.0,0.0,0.4176082542553645,0.8640572009340762,0.0,0.15869440771697257,0.2466014907192666,1.2123689600990604,0.0,0.030059647859178695,4,2.929389961583919,2.929389961583919,2.929389961583919,51,53,50,3
74,Tunisia,,850000.0,72.0000001788139,113.309524103999,,2.08333334326744,12.1666666865348,130.67857158184,,1.5,,0.0,0.003602143446829843,1.0757708127925603,0.817358366588317,0.0,0.03426045064668979,0.07045756892486393,0.45151943275542394,0.0,0.016699804071281268,3,2.469668579225966,2.4732707226727957,2.4804750095664554,52,54,52,2
34,Estonia,3.0,22124225.0,14.7833333909511,19.2000001221895,,6.75000005960464,3.33333340287208,40.7833335250616,,0.25,,1.6304347826086956,0.09375839070581057,0.2208816463648632,0.13849922027705736,0.0,0.1110038605461666,0.01930344391223732,0.14091420954642633,0.0,0.0027833006785468782,2,2.357578854639804,4.08177202795431,1.00841924414854,53,49,60,11
40,Argentina,2.0,,9.83333337306976,43.001190662384,,14.0000000298023,3.0,61.6416667848825,,2.0,,1.0869565217391304,0.0,0.14692240290188466,0.31018913228246914,0.0,0.2302302277380315,0.01737309915858253,0.21298373623083577,0.0,0.022266405428375026,3,2.026921525479309,3.1138780472184395,0.9399650037401786,54,52,65,13
143,Iraq,,,17.3333333730697,85.2785716801882,,3.58333337306976,25.0,103.464285507798,,17.5,,0.0,0.0,0.25898186228947284,0.6151570629625769,0.0,0.05892797548478217,0.14477582632152106,0.3574888747055923,0.0,0.19483104749828148,4,1.6301626492622268,1.6301626492622268,1.6301626492622268,55,60,55,5
72,Slovenia,,1418104.0,16.708333402872,53.0666667893528,,10.9166666865348,13.2083333134651,184.416666746139,,8.0,,0.0,0.0060096635653213975,0.2496435744524577,0.38279645449239946,0.0,0.17952476085934557,0.07648989479147937,0.6371948189509762,0.0,0.0890656217135001,3,1.6207247888254799,1.6267344523908014,1.638753779521444,56,61,54,7
58,Philippines,1.0,,42.5000000298023,22.8333334177732,,7.83333334326744,5.0,18.2500001788139,,5.0,,0.5434782608695652,0.0,0.635003603641622,0.16470827367510643,0.0,0.12881929398066194,0.028955165264304212,0.0630572375315859,0.0,0.05566601357093756,3,1.6196878485337831,2.1631661094033485,1.076209587664218,57,55,59,4
44,Colombia,,30000000.0,15.642857208848,89.1904764845967,,10.8333333730697,2.22619049251079,87.595238611102,,3.0,,0.0,0.12713447459399446,0.23372401628010098,0.6433755922209436,0.0,0.17815434316674605,0.012891942724094541,0.3026582856776272,0.0,0.033399608142562535,3,1.5313382628060694,1.6584727374000638,1.9127416865880529,58,59,53,6
41,Nigeria,1.0,1500000.0,14.9166667163372,44.400000102818,,6.97777781635522,16.1666666865348,43.8333333134651,,6.54444447904825,,0.5434782608695652,0.006356723729699723,0.222873814413012,0.32027944559410276,0.0,0.11474966945321732,0.0936217011363073,0.1514525415598097,0.0,0.07286062703698946,2,1.5256727837927033,2.0755077683919683,1.0012646941122374,59,56,61,5
110,Qatar,,,12.2500000894069,32.6500002890825,1.0,11.7500000596046,36.1666666269302,137.74999949336,0.0,9.16666668653488,,0.0,0.0,0.183030451668914,0.23552081006799236,0.036266924561530425,0.19322894170614172,0.20944236184835194,0.47595256728338114,0.0,0.10205435843458237,2,1.4354964155708938,1.4354964155708938,1.4354964155708938,60,64,56,8
78,Croatia,,,34.0825758129358,50.2000000625848,,6.58333337306976,3.95833334326744,100.200000032782,,1.50000002980232,,0.0,0.0,0.509236669351214,0.3621177511629811,0.0,0.10826302418076764,0.022922839225102905,0.3462101447027323,0.0,0.016699804403076536,4,1.3654502330258746,1.3654502330258746,1.3654502330258746,61,65,57,8
52,Luxembourg,,6351200.0,19.0000000596046,13.9023810476064,0.5,9.14285717904567,9.83333328366279,57.1904762983322,0.5,20.1428571492433,,0.0,0.026915215834712587,0.2838839646724602,0.10028483973095165,0.018133462280765213,0.1503544347162195,0.05694515806548786,0.19760402263858198,0.08498583568831111,0.22425451188544687,1,1.1433614455129368,1.1702766613476496,1.2241070930170748,62,68,58,10
51,Bulgaria,1.0,731707.0,19.2083334326744,17.1666667163372,,1.75000002980232,16.6250000298023,11.8333333730697,,0.0,,0.5434782608695652,0.0031008395000582637,0.2869967280269395,0.1238317676998892,0.0,0.02877877889609116,0.09627592467639762,0.040886427725207515,0.0,0.0,2,1.1233487273941485,1.6699278277637717,0.589172985024758,63,58,70,12
60,Slovakia,1.0,5912961.0,13.7083333432674,17.5428571850061,,1.53333334624767,4.625,15.7761904597282,,9.90000009536743,,0.5434782608695652,0.025058039667659335,0.20481978980685417,0.12654541802565605,0.0,0.025215691768102382,0.026783527869481395,0.05450975229674078,0.0,0.1102187079322013,2,1.1166291882362605,1.685165488773485,0.6483250463696735,64,57,69,12
32,Ukraine,1.0,1500000.0,16.7500000298023,19.7000000476837,,3.60000000149011,1.83333334326744,6.7333333492279,,3.30000001192092,,0.5434782608695652,0.006356723729699723,0.25026612641089957,0.14210597024470456,0.0,0.05920205845968745,0.010616893987773617,0.02326495321761729,0.0,0.03673956908953681,2,1.0720305560094843,1.6218655406087492,0.5476224663290182,65,62,72,10
75,Morocco,,1081748.0,33.5000000298023,39.142857208848,,0.33333334326744,6.0,44.2619047760963,,0.0,,0.0,0.004584248787436811,0.5005322523765151,0.2823570400177383,0.0,0.005481672240698265,0.03474619831716506,0.1529333378476786,0.0,0.0,3,0.9806347495872321,0.9852189983746689,0.9943874959495427,66,72,62,10
49,Lithuania,1.0,1744894.0,5.16666668653488,24.100000038743,,,0.0,36.7500000298023,,,,0.5434782608695652,0.007394539397073779,0.07719651676386195,0.17384537462504573,0.0,0.0,0.0,0.12697827169641385,0.0,0.0,4,0.9288929633519605,1.4797657636185995,0.4075983206736167,67,63,77,14
70,Lebanon,,6000000.0,13.1666667163372,25.3166667968034,,3.66666668653488,14.0,42.6166667044162,,18.5,,0.0,0.025426894918798893,0.19672660722257454,0.18262180151337873,0.0,0.060298393177382004,0.0810744627400518,0.1472487259646401,0.0,0.205964250212469,3,0.899361135749295,0.924788030668094,0.9756418205056917,68,73,63,10
68,Sri Lanka,,,32.3333333432674,18.125,,9.83333334326743,9.33333334326743,13.75,,1.33333334326744,,0.0,0.0,0.483100780619367,0.13074470580968928,0.0,0.1617093264446521,0.05404964188422988,0.04750887712679774,0.0,0.014844270396181773,4,0.8919576022809178,0.8919576022809178,0.8919576022809178,69,74,66,8
69,Serbia,,,11.5333334058523,43.450000166893,,5.58333334326744,6.93333336710929,52.650000154972,,5.5,,0.0,0.0,0.17232254751955067,0.3134266200966276,0.0,0.09181800745867284,0.040151162695432854,0.18191581004279608,0.0,0.06123261492803132,4,0.8608667627411114,0.8608667627411114,0.8608667627411114,70,75,67,8
80,Ecuador,,,30.1250000596046,18.4500001072883,,1.5,4.66666674613952,49.9500000923872,,1.0,,0.0,0.0,0.450105496097384,0.1330890944119252,0.0,0.02466752434799274,0.027024821373580518,0.17258679395438248,0.0,0.011133202714187513,4,0.8186069328994525,0.8186069328994525,0.8186069328994525,71,76,68,8
50,Kenya,1.0,6000000.0,2.83333334326744,7.5,,1.0,0.5,1.5,,0.0,,0.5434782608695652,0.025426894918798893,0.042333573694850614,0.05410125757642315,0.0,0.01644501623199516,0.0028955165264304213,0.005182786595650662,0.0,0.0,2,0.6898633064137141,1.258768462202078,0.2226657303005456,72,66,88,22
54,Belarus,1.0,1500000.0,2.5,10.5000000298023,,,0.0,5.5,,,,0.5434782608695652,0.006356723729699723,0.037353153129196355,0.07574176082197133,0.0,0.0,0.0,0.019003550850719093,0.0,0.0,4,0.6819334494011517,1.2317684340004167,0.15752535972068568,73,67,91,24
62,Cyprus,,25114702.0,10.3166667073965,20.2952381595969,,7.16666670143604,3.70000003278255,28.2420635819435,,1.0,,0.0,0.10643148144515806,0.15414401252170537,0.14639972096629386,0.0,0.11785595023441488,0.021426822485429948,0.09758172571067367,0.0,0.011133202714187513,3,0.6549729160778632,0.7614043975230214,0.9742673604133375,74,77,64,13
76,Cameroon,1.0,,,6.78333334624767,,,,9.43333336710929,,,,0.5434782608695652,0.0,0.0,0.04893158194561141,0.0,0.0,0.0,0.0325939691515721,0.0,0.0,7,0.6250038119667487,1.168482072836314,0.08152555109718351,75,69,98,29
82,Nepal,1.0,,0.5,5.95833334326744,,,0.0,3.25,,,,0.5434782608695652,0.0,0.007470630625839271,0.04298044359070696,0.0,0.0,0.0,0.011229370957243101,0.0,0.0,5,0.6051587060433545,1.1486369669129197,0.06168044517378933,76,70,104,34
123,Algeria,,,14.9166667163372,30.1666667833924,,2.0,2.5,24.3333332240581,,0.0,,0.0,0.0,0.222873814413012,0.21760728131605878,0.0,0.03289003246399032,0.014477582632152106,0.08407631550743282,0.0,0.0,4,0.5719250263326461,0.5719250263326461,0.5719250263326461,77,78,71,7
100,British Virgin Islands,1.0,,,,,,,,,,,0.5434782608695652,0.0,0.0,0.0,0.0,0.0,0.0,0.0,0.0,0.0,9,0.5434782608695652,1.0869565217391304,0.0,78,71,155,84
83,Kazakhstan,,,16.9166667163372,12.083333402872,,1.0,5.33333337306976,33.3333333432674,,0.0,,0.0,0.0,0.25275633691636906,0.08716313770807675,0.0,0.01644501623199516,0.030885509845372784,0.11517303549322769,0.0,0.0,4,0.5024230361950415,0.5024230361950415,0.5024230361950415,79,79,73,6
91,Puerto Rico,,,11.0833333432674,14.4345238953828,,2.66666668653488,8.33333334326744,29.3095237463712,,1.16666668653488,,0.0,0.0,0.165598979021198,0.10412345270095195,0.0,0.043853376945386845,0.0482586088313691,0.10127000453173161,0.0,0.012988736721082278,4,0.47609315875171976,0.47609315875171976,0.47609315875171976,80,80,74,6
66,Ghana,,,4.33333337306976,30.1666667759418,,1.03333334624767,0.0,48.2500001490116,,0.800000011920929,,0.0,0.0,0.06474546601765267,0.21760728126231382,0.0,0.016993183652104806,0.0,0.1667129693416265,0.0,0.008906562304068128,4,0.4749654625777659,0.4749654625777659,0.4749654625777659,81,81,75,6
135,Cambodia,,,7.08333337306976,20.2333334088325,,2.0,0.75,36.0666667520999,,0.0,,0.0,0.0,0.10583393445976867,0.14595317098411933,0.0,0.03289003246399032,0.004343274789645632,0.12461722466172183,0.0,0.0,4,0.41363763735924575,0.41363763735924575,0.41363763735924575,82,82,76,6
125,Bahrain,,,4.83333334326744,15.1666667461395,,0.5,18.0,23.5000001192092,,0.0,,0.0,0.0,0.0722160961982077,0.10940476589448861,0.0,0.00822250811599758,0.10423859495149516,0.0811969904104176,0.0,0.0,4,0.37527895557060664,0.37527895557060664,0.37527895557060664,83,83,79,4
61,Malta,,5909488.0,5.83333334326744,12.5833333581686,,0.578787893056869,2.0,26.5833333432674,,0.0909090936183929,,0.0,0.02504332173331717,0.08715735744988624,0.09076988789070362,0.0,0.009518176296202488,0.011582066105721685,0.09185049581279972,0.0,0.0010121093678166187,3,0.3169334146564475,0.34197673638976467,0.39206337985639905,84,84,78,6
97,Kuwait,,,2.16666668653488,17.1944445297122,,3.61111111193895,1.0,21.3333333730697,,0.611111111938953,,0.0,0.0,0.032372733008826336,0.12403214298473063,0.0,0.059384780851374115,0.0057910330528608426,0.07371074283099503,0.0,0.006803623890108901,4,0.30209505661889585,0.30209505661889585,0.30209505661889585,85,85,81,4
102,Zimbabwe,,,7.1666667163372,8.78333342075347,,1.25000002980232,2.83333334326744,17.2666665911674,,1.00000002980232,,0.0,0.0,0.10707903971250331,0.06335858450343858,0.0,0.02055627078009358,0.016407927040634457,0.059659632106847674,0.0,0.011133203045982783,4,0.27819465718950037,0.27819465718950037,0.27819465718950037,86,86,82,4
163,Syria,,,0.5,12.3333333432674,,1.58333334326744,1.0,30.0,,3.83333334326744,,0.0,0.0,0.007470630625839271,0.08896651253066636,0.0,0.02603794253069221,0.0057910330528608426,0.10365573191301324,0.0,0.042677277181650555,4,0.27459912783472246,0.27459912783472246,0.27459912783472246,87,87,83,4
101,Bosnia And Herzegovina,,,9.66666668653488,8.08333337306976,,,1.0,16.25,,,,0.0,0.0,0.1444321923964154,0.058309133452339255,0.0,0.0,0.0057910330528608426,0.056146854786215505,0.0,0.0,6,0.264679213687831,0.264679213687831,0.264679213687831,88,88,84,4
57,Latvia,,,3.5,14.4500000327825,,1.0,1.5,13.6166666299104,,0.0,,0.0,0.0,0.0522944143808749,0.10423508983371853,0.0,0.01644501623199516,0.008686549579291264,0.0470481848579622,0.0,0.0,4,0.22870925488384206,0.22870925488384206,0.22870925488384206,89,90,85,5
152,Montenegro,,,9.45000001788139,8.58333334326744,,,0.866666689515113,5.0,,,,0.0,0.0,0.14119491909553275,0.061915883742455075,0.0,0.0,0.005018895444795506,0.01727595531883554,0.0,0.0,6,0.22540565360161888,0.22540565360161888,0.22540565360161888,90,91,86,5
63,Peru,,,5.00000002980232,10.0333333760499,,1.58333334326744,3.0,8.66666662693023,,0.25,,0.0,0.0,0.07470630670367695,0.07237546044370652,0.0,0.02603794253069221,0.01737309915858253,0.029944989082017953,0.0,0.0027833006785468782,4,0.22322109859722303,0.22322109859722303,0.22322109859722303,91,92,87,5
64,Iceland,,9100000.0,1.66666668653488,7.03333337604999,,0.75,0.83333334326744,23.833333492279,,0.0,,0.0,0.03856412396017832,0.02490210238298707,0.05073495741313791,0.0,0.01233376217399637,0.004825860934912776,0.08234872090230372,0.0,0.0,3,0.21370952776751617,0.25227365172769445,0.3294018996480511,92,89,80,12
155,Oman,,,2.66666668653488,15.4261905252933,,,0.0,8.46190480887889,,,,0.0,0.0,0.03984336363466561,0.11127684093758282,0.0,0.0,0.0,0.029237497878086258,0.0,0.0,6,0.18035770245033467,0.18035770245033467,0.18035770245033467,93,93,89,4
77,Georgia,,,0.58333334326744,7.48333340883255,,0.75,0.0,26.7666663378477,,0.5,,0.0,0.0,0.0087157358785739,0.05398103310420033,0.0,0.01233376217399637,0.0,0.09248394633736723,0.0,0.0055666013570937565,4,0.17308107885123158,0.17308107885123158,0.17308107885123158,94,94,90,4
103,Yemen,,,1.5,7.15000003576278,,,0.0,10.3333333432674,,,,0.0,0.0,0.02241189187751781,0.051576532480831584,0.0,0.0,0.0,0.035703641026584215,0.0,0.0,6,0.10969206538493362,0.10969206538493362,0.10969206538493362,95,95,92,3
164,Tanzania,,,2.25,5.33333337306976,,0.5,0.0,4.6666667163372,,0.0,,0.0,0.0,0.03361783781627672,0.03847200567431744,0.0,0.00822250811599758,0.0,0.016124225135867688,0.0,0.0,4,0.09643657674245942,0.09643657674245942,0.09643657674245942,96,96,93,3
104,Venezuela,,,3.16666668653488,5.1666667163372,,,0.5,1.6666667163372,,,,0.0,0.0,0.04731399426050488,0.037269755577612175,0.0,0.0,0.0028955165264304213,0.005758651944566363,0.0,0.0,6,0.09323791830911385,0.09323791830911385,0.09323791830911385,97,97,94,3
117,Ethiopia,,,1.33333334326744,6.91666670143604,,0.5,2.0,1.00000002980232,,0.0,,0.0,0.0,0.019921681817332806,0.049893382237954705,0.0,0.00822250811599758,0.011582066105721685,0.0034551911667398175,0.0,0.0,4,0.09307482944374659,0.09307482944374659,0.09307482944374659,98,98,95,3
162,Sudan,,,1.0,2.59285715222358,,0.5,0.0,12.6785714328289,,0.5,,0.0,0.0,0.014941261251678542,0.018703577686842523,0.0,0.00822250811599758,0.0,0.043806886716043346,0.0,0.0055666013570937565,4,0.09124083512765575,0.09124083512765575,0.09124083512765575,99,99,96,3
134,Brunei Darussalam,,,2.75000002980232,2.25,,1.0,0.33333334326744,4.0,,0.0,,0.0,0.0,0.04108846888740024,0.016230377272926946,0.0,0.01644501623199516,0.0019303444084823543,0.013820764255068431,0.0,0.0,4,0.08951497105587314,0.08951497105587314,0.08951497105587314,100,100,97,3
79,Uruguay,,,2.00000002980232,,,2.16666668653488,0.0,,,1.16666668653488,,0.0,0.0,0.029882522948641334,0.0,0.0,0.03563086882938926,0.0,0.0,0.0,0.012988736721082278,6,0.07850212849911287,0.07850212849911287,0.07850212849911287,101,101,99,2
112,Myanmar,,,4.16666668653488,1.0,,,1.0,0.0,,,,0.0,0.0,0.06225525551218342,0.007213501010189753,0.0,0.0,0.0057910330528608426,0.0,0.0,0.0,6,0.07525978957523402,0.07525978957523402,0.07525978957523402,102,102,100,2
153,Mozambique,,,2.5,4.16666668653488,,,0.0,0.33333334326744,,,,0.0,0.0,0.037353153129196355,0.03005625435244335,0.0,0.0,0.0,0.0011517303889132726,0.0,0.0,6,0.06856113787055297,0.06856113787055297,0.06856113787055297,103,103,101,2
161,Senegal,,,0.33333334326744,1.16666668653488,,1.0,0.0,0.33333334326744,,3.0,,0.0,0.0,0.004980420565654264,0.008415751321874089,0.0,0.01644501623199516,0.0,0.0011517303889132726,0.0,0.033399608142562535,4,0.06439252665099932,0.06439252665099932,0.06439252665099932,104,104,102,2
119,Bermuda,,,0.75,,1.0,0.75,0.0,,0.0,0.25,,0.0,0.0,0.011205945938758906,0.0,0.036266924561530425,0.01233376217399637,0.0,0.0,0.0,0.0027833006785468782,4,0.06258993335283258,0.06258993335283258,0.06258993335283258,105,105,103,2
71,Uganda,,,1.50000002980232,2.0,,1.25,0.33333334326744,0.5,,0.0,,0.0,0.0,0.02241189232280206,0.014427002020379507,0.0,0.020556270289993947,0.0019303444084823543,0.0017275955318835539,0.0,0.0,4,0.06105310457354142,0.06105310457354142,0.06105310457354142,106,106,105,1
109,Saint Kitts And Nevis,,,0.5,5.16666674613952,,,0.0,4.6666667163372,,,,0.0,0.0,0.007470630625839271,0.03726975579259124,0.0,0.0,0.0,0.016124225135867688,0.0,0.0,6,0.06086461155429819,0.06086461155429819,0.06086461155429819,107,107,106,1
130,Antigua And Barbuda,,,0.83333334326744,4.69444448500871,,,0.0,3.80555552244186,,,,0.0,0.0,0.012451051191493536,0.03386338003489005,0.0,0.0,0.0,0.013148921433810683,0.0,0.0,6,0.059463352660194264,0.059463352660194264,0.059463352660194264,108,108,107,1
141,Fiji,,,0.33333334326744,2.33333334326744,,1.16666668653488,0.0,3.25,,0.0,,0.0,0.0,0.004980420565654264,0.016831502428769112,0.0,0.01918585259739411,0.0,0.011229370957243101,0.0,0.0,4,0.052227146549060584,0.052227146549060584,0.052227146549060584,109,109,108,1
133,Botswana,,,1.0,2.66666668653488,,,0.5,2.33333334326744,,,,0.0,0.0,0.014941261251678542,0.01923600283715872,0.0,0.0,0.0028955165264304213,0.008062112516447489,0.0,0.0,6,0.045134893131715176,0.045134893131715176,0.045134893131715176,110,110,109,1
128,Albania,,,0.5,3.16666668653488,,,0.0,3.83333337306976,,,,0.0,0.0,0.007470630625839271,0.022842753342253594,0.0,0.0,0.0,0.013244899215070861,0.0,0.0,6,0.043558283183163723,0.043558283183163723,0.043558283183163723,111,111,110,1
147,Libya,,,2.0,1.03333334624767,,,0.0,1.70000004768371,,,,0.0,0.0,0.029882522503357083,0.007453951137020325,0.0,0.0,0.0,0.005873824973160412,0.0,0.0,6,0.04321029861353782,0.04321029861353782,0.04321029861353782,112,112,111,1
87,Macedonia,,,1.0,1.25,,,0.0,5.5,,,,0.0,0.0,0.014941261251678542,0.009016876262737191,0.0,0.0,0.0,0.019003550850719093,0.0,0.0,6,0.04296168836513482,0.04296168836513482,0.04296168836513482,113,113,112,1
137,Cuba,,,0.83333334326744,1.83333334326744,,0.25,0.0,3.0,,0.0,,0.0,0.0,0.012451051191493536,0.013224751923674236,0.0,0.00411125405799879,0.0,0.010365573191301323,0.0,0.0,4,0.04015263036446788,0.04015263036446788,0.04015263036446788,114,114,113,1
95,Liechtenstein,,,1.5,,,,3.0,,,,,0.0,0.0,0.02241189187751781,0.0,0.0,0.0,0.01737309915858253,0.0,0.0,0.0,8,0.03978499103610034,0.03978499103610034,0.03978499103610034,115,115,114,1
159,Rwanda,,,,2.33333334326744,,,,5.5,,,,0.0,0.0,0.0,0.016831502428769112,0.0,0.0,0.0,0.019003550850719093,0.0,0.0,8,0.0358350532794882,0.0358350532794882,0.0358350532794882,116,116,115,1
67,Armenia,,,2.0,,,,0.0,,,,,0.0,0.0,0.029882522503357083,0.0,0.0,0.0,0.0,0.0,0.0,0.0,8,0.029882522503357083,0.029882522503357083,0.029882522503357083,117,117,116,1
158,Paraguay,,,1.5,0.5,,,0.0,0.0,,,,0.0,0.0,0.02241189187751781,0.0036067505050948767,0.0,0.0,0.0,0.0,0.0,0.0,6,0.02601864238261269,0.02601864238261269,0.02601864238261269,118,118,117,1
157,Papua New Guinea,,,,1.45000000298023,,,,4.0,,,,0.0,0.0,0.0,0.010459576486273034,0.0,0.0,0.0,0.013820764255068431,0.0,0.0,8,0.024280340741341465,0.024280340741341465,0.024280340741341465,119,119,118,1
105,Uzbekistan,,,0.83333334326744,0.83333334326744,,0.33333334326744,0.0,0.0,,0.0,,0.0,0.0,0.012451051191493536,0.0060112509134844835,0.0,0.005481672240698265,0.0,0.0,0.0,0.0,4,0.023943974345676286,0.023943974345676286,0.023943974345676286,120,120,119,1
122,Azerbaijan,,,0.75,1.5,,,0.25,0.0,,,,0.0,0.0,0.011205945938758906,0.01082025151528463,0.0,0.0,0.0014477582632152106,0.0,0.0,0.0,6,0.023473955717258747,0.023473955717258747,0.023473955717258747,121,121,120,1
132,Bolivia,,,1.33333334326744,,,,0.0,,,,,0.0,0.0,0.019921681817332806,0.0,0.0,0.0,0.0,0.0,0.0,0.0,8,0.019921681817332806,0.019921681817332806,0.019921681817332806,122,122,121,1
94,Mauritius,,,0.5,1.64285714924335,,,0.0,0.0,,,,0.0,0.0,0.007470630625839271,0.011850751705664363,0.0,0.0,0.0,0.0,0.0,0.0,6,0.019321382331503635,0.019321382331503635,0.019321382331503635,123,123,122,1
156,Palau,,,,1.0,,,,3.5,,,,0.0,0.0,0.0,0.007213501010189753,0.0,0.0,0.0,0.012093168723184878,0.0,0.0,8,0.01930666973337463,0.01930666973337463,0.01930666973337463,124,124,123,1
115,Jamaica,,,0.5,0.642857149243354,,,0.0,0.571428596973419,,,,0.0,0.0,0.007470630625839271,0.0046372506954746396,0.0,0.0,0.0,0.0019743949818435335,0.0,0.0,6,0.014082276303157445,0.014082276303157445,0.014082276303157445,125,125,124,1
90,Zambia,,,,0.33333334326744,,0.5,,0.0,,0.25,,0.0,0.0,0.0,0.0024045004083896064,0.0,0.00822250811599758,0.0,0.0,0.0,0.0027833006785468782,6,0.013410309202934064,0.013410309202934064,0.013410309202934064,126,126,126,0
154,Niger,,,,0.33333334326744,,,,3.0,,,,0.0,0.0,0.0,0.0024045004083896064,0.0,0.0,0.0,0.010365573191301323,0.0,0.0,8,0.012770073599690929,0.012770073599690929,0.012770073599690929,127,127,127,0
151,Monaco,,,,1.5,,,,0.5,,,,0.0,0.0,0.0,0.01082025151528463,0.0,0.0,0.0,0.0017275955318835539,0.0,0.0,8,0.012547847047168183,0.012547847047168183,0.012547847047168183,128,128,128,0
107,Sierra Leone,,,,1.0,,,,1.5,,,,0.0,0.0,0.0,0.007213501010189753,0.0,0.0,0.0,0.005182786595650662,0.0,0.0,8,0.012396287605840415,0.012396287605840415,0.012396287605840415,129,129,129,0
89,Dominican Republic,,,,1.0,,,,1.0,,,,0.0,0.0,0.0,0.007213501010189753,0.0,0.0,0.0,0.0034551910637671077,0.0,0.0,8,0.010668692073956862,0.010668692073956862,0.010668692073956862,130,130,130,0
145,Laos,,,,0.5,,0.25,,0.0,,0.25,,0.0,0.0,0.0,0.0036067505050948767,0.0,0.00411125405799879,0.0,0.0,0.0,0.0027833006785468782,6,0.010501305241640543,0.010501305241640543,0.010501305241640543,131,131,131,0
140,Faroe Islands,,,,0.33333334326744,,,,2.0,,,,0.0,0.0,0.0,0.0024045004083896064,0.0,0.0,0.0,0.0069103821275342155,0.0,0.0,8,0.009314882535923823,0.009314882535923823,0.009314882535923823,132,133,132,1
84,Costa Rica,,400000.0,,0.25,,,,1.5,,,,0.0,0.0016951263279199262,0.0,0.0018033752525474383,0.0,0.0,0.0,0.005182786595650662,0.0,0.0,7,0.008681288176118025,0.010376414504037952,0.013766667159877805,133,132,125,8
129,Angola,,,0.33333334326744,0.5,,,0.0,0.0,,,,0.0,0.0,0.004980420565654264,0.0036067505050948767,0.0,0.0,0.0,0.0,0.0,0.0,6,0.00858717107074914,0.00858717107074914,0.00858717107074914,134,134,133,1
149,Malawi,,,,0.142857149243354,,0.33333334326744,,0.428571432828903,,0.0,,0.0,0.0,0.0,0.0010305001903797625,0.0,0.005481672240698265,0.0,0.001480796184896291,0.0,0.0,6,0.007992968615974318,0.007992968615974318,0.007992968615974318,135,135,134,1
131,Benin,,,0.33333334326744,0.25,,,0.0,0.25,,,,0.0,0.0,0.004980420565654264,0.0018033752525474383,0.0,0.0,0.0,0.0008637977659417769,0.0,0.0,6,0.0076475935841434795,0.0076475935841434795,0.0076475935841434795,136,136,135,1
146,Lesotho,,,0.5,,,,0.0,,,,,0.0,0.0,0.007470630625839271,0.0,0.0,0.0,0.0,0.0,0.0,0.0,8,0.007470630625839271,0.007470630625839271,0.007470630625839271,137,137,136,1
93,Moldova,,,0.5,,,,0.0,,,,,0.0,0.0,0.007470630625839271,0.0,0.0,0.0,0.0,0.0,0.0,0.0,8,0.007470630625839271,0.007470630625839271,0.007470630625839271,137,137,136,1
139,Eswatini,,,,1.0,,,,0.0,,,,0.0,0.0,0.0,0.007213501010189753,0.0,0.0,0.0,0.0,0.0,0.0,8,0.007213501010189753,0.007213501010189753,0.007213501010189753,140,140,139,1
111,Panama,,,,1.0,,,,0.0,,,,0.0,0.0,0.0,0.007213501010189753,0.0,0.0,0.0,0.0,0.0,0.0,8,0.007213501010189753,0.007213501010189753,0.007213501010189753,140,140,139,1
142,French Polynesia,,,,1.0,,,,0.0,,,,0.0,0.0,0.0,0.007213501010189753,0.0,0.0,0.0,0.0,0.0,0.0,8,0.007213501010189753,0.007213501010189753,0.007213501010189753,140,140,139,1
86,Mongolia,,,,0.75,,,,0.5,,,,0.0,0.0,0.0,0.005410125757642315,0.0,0.0,0.0,0.0017275955318835539,0.0,0.0,8,0.007137721289525869,0.007137721289525869,0.007137721289525869,142,142,141,1
160,R��Union,,,,0.33333334326744,,,,1.33333337306976,,,,0.0,0.0,0.0,0.0024045004083896064,0.0,0.0,0.0,0.00460692155565309,0.0,0.0,8,0.007011421964042697,0.007011421964042697,0.007011421964042697,143,143,142,1
136,Congo (Democratic Republic Of The),,,,0.25,,,,0.75,,,,0.0,0.0,0.0,0.0018033752525474383,0.0,0.0,0.0,0.002591393297825331,0.0,0.0,8,0.004394768550372769,0.004394768550372769,0.004394768550372769,144,144,143,1
98,Guatemala,,,,0.5,,,,0.0,,,,0.0,0.0,0.0,0.0036067505050948767,0.0,0.0,0.0,0.0,0.0,0.0,8,0.0036067505050948767,0.0036067505050948767,0.0036067505050948767,145,145,144,1
138,C��Te D'Ivoire,,,,0.25,,,,0.25,,,,0.0,0.0,0.0,0.0018033752525474383,0.0,0.0,0.0,0.0008637977659417769,0.0,0.0,8,0.0026671730184892155,0.0026671730184892155,0.0026671730184892155,146,146,145,1
150,Mali,,,,0.16666667163372,,,,0.0,,,,0.0,0.0,0.0,0.0012022502041948032,0.0,0.0,0.0,0.0,0.0,0.0,8,0.0012022502041948032,0.0012022502041948032,0.0012022502041948032,147,147,146,1
114,Jersey,,,,0.142857149243354,,,,0.0,,,,0.0,0.0,0.0,0.0010305001903797625,0.0,0.0,0.0,0.0,0.0,0.0,8,0.0010305001903797625,0.0010305001903797625,0.0010305001903797625,148,148,147,1
113,Maldives,,,,,,,,,,,,0.0,0.0,0.0,0.0,0.0,0.0,0.0,0.0,0.0,0.0,10,0.0,0.0,0.0,155,155,155,0
88,El Salvador,,,,,,,,,,,,0.0,0.0,0.0,0.0,0.0,0.0,0.0,0.0,0.0,0.0,10,0.0,0.0,0.0,155,155,155,0
108,Seychelles,,,,,,,,,,,,0.0,0.0,0.0,0.0,0.0,0.0,0.0,0.0,0.0,0.0,10,0.0,0.0,0.0,155,155,155,0
96,Kyrgyzstan,,,,,,,,,,,,0.0,0.0,0.0,0.0,0.0,0.0,0.0,0.0,0.0,0.0,10,0.0,0.0,0.0,155,155,155,0
116,Honduras,,,,,,,,,,,,0.0,0.0,0.0,0.0,0.0,0.0,0.0,0.0,0.0,0.0,10,0.0,0.0,0.0,155,155,155,0
121,Bahamas,,,,,,,,,,,,0.0,0.0,0.0,0.0,0.0,0.0,0.0,0.0,0.0,0.0,10,0.0,0.0,0.0,155,155,155,0
92,Palestine,,,,,,,,,,,,0.0,0.0,0.0,0.0,0.0,0.0,0.0,0.0,0.0,0.0,10,0.0,0.0,0.0,155,155,155,0
120,Belize,,,,,,,,,,,,0.0,0.0,0.0,0.0,0.0,0.0,0.0,0.0,0.0,0.0,10,0.0,0.0,0.0,155,155,155,0
85,Trinidad And Tobago,,,,,,,,,,,,0.0,0.0,0.0,0.0,0.0,0.0,0.0,0.0,0.0,0.0,10,0.0,0.0,0.0,155,155,155,0
106,The Democratic Republic Of Congo,,,,,,,,,,,,0.0,0.0,0.0,0.0,0.0,0.0,0.0,0.0,0.0,0.0,10,0.0,0.0,0.0,155,155,155,0
81,Cayman Islands,,,,,,,,,,,,0.0,0.0,0.0,0.0,0.0,0.0,0.0,0.0,0.0,0.0,10,0.0,0.0,0.0,155,155,155,0
126,Haiti,,,,,,,,,,,,0.0,0.0,0.0,0.0,0.0,0.0,0.0,0.0,0.0,0.0,10,0.0,0.0,0.0,155,155,155,0
99,Gibraltar,,,,,,,,,,,,0.0,0.0,0.0,0.0,0.0,0.0,0.0,0.0,0.0,0.0,10,0.0,0.0,0.0,155,155,155,0
118,Curaçao,,,,,,,,,,,,0.0,0.0,0.0,0.0,0.0,0.0,0.0,0.0,0.0,0.0,10,0.0,0.0,0.0,155,155,155,0
