,Country Name,Number of Companies,Investment Amount,"('Number of Papers', 'Book')","('Number of Papers', 'BookChapter')","('Number of Papers', 'Conference')","('Number of Papers', 'Journal')","('Number of Papers', 'Repository')","('Number of Papers', 'Thesis')","('Number of Papers', 'Unknown')","('Number of Citations', 'Book')","('Number of Citations', 'BookChapter')","('Number of Citations', 'Conference')","('Number of Citations', 'Journal')","('Number of Citations', 'Repository')","('Number of Citations', 'Thesis')","('Number of Citations', 'Unknown')",2020 Vibrancy Rank (only absolute metrics),Number of Companies Normalized,Investment Amount Normalized,Number of PapersBook Normalized,Number of PapersBookChapter Normalized,Number of PapersConference Normalized,Number of PapersJournal Normalized,Number of PapersRepository Normalized,Number of PapersThesis Normalized,Number of PapersUnknown Normalized,Number of CitationsBook Normalized,Number of CitationsBookChapter Normalized,Number of CitationsConference Normalized,Number of CitationsJournal Normalized,Number of CitationsRepository Normalized,Number of CitationsThesis Normalized,Number of CitationsUnknown Normalized,Number NaN,Percent NaN,"Score 1 - No Citations, Equal Metrics","Score 2 - No Citations, Equal Pillars","Score 3 - With Citations, Equal Metrics","Score 4 - With Citations, Equal Pillars","Rank Score 1 - No Citations, Equal Metrics","Rank Score 2 - No Citations, Equal Pillars","Rank Score 3 - With Citations, Equal Metrics","Rank Score 4 - With Citations, Equal Pillars",Rank Difference Max
74,United States,299.0,52900000000.0,62.0,1700.0,11352.0,24700.0,14344.0,,772.0,405.0,366.0,5187.0,33028.0,16783.0,,156.0,1.0,100.0,100.0,100.0,32.78688524590164,66.8866368135753,44.6347898370017,100.0,0.0,100.0,100.0,49.32614555256065,100.0,62.511592694236775,100.0,0.0,100.0,2,0.14285714285714285,1156.1460501432762,2356.1460501432757,1156.1460501432762,2356.1460501432757,1,1,1,1,0
15,China,119.0,17200000000.0,42.0,2575.0,16972.0,55338.0,6707.0,,582.0,40.0,123.0,2759.0,52835.0,7066.0,,91.0,2.0,39.79933110367893,32.514177693761816,67.74193548387096,49.66248794599807,100.0,100.0,46.758226436140546,0.0,75.38860103626943,9.876543209876543,16.576819407008085,53.19066898014266,100.0,42.10212715247572,0.0,58.333333333333336,2,0.14285714285714285,791.9442517825562,1225.8253045672006,791.9442517825562,1225.8253045672006,2,2,2,2,0
30,India,23.0,1350000000.0,20.0,5185.0,5384.0,11743.0,1331.0,,457.0,11.0,742.0,1049.0,11316.0,702.0,,22.0,3.0,7.6923076923076925,2.551984877126654,32.25806451612903,100.0,31.72283761489512,21.22049947594781,9.279141104294478,0.0,59.196891191709845,2.7160493827160495,100.0,20.223636013109697,21.4176208952399,4.18280402788536,0.0,14.102564102564102,2,0.14285714285714285,426.5644008939257,488.0301563105318,426.5644008939257,488.0301563105318,3,3,3,3,0
12,Canada,22.0,1870000000.0,9.0,272.0,1662.0,5066.0,1640.0,2.0,131.0,5.0,52.0,743.0,6846.0,1747.0,1.0,8.0,4.0,7.357859531772576,3.5349716446124764,14.516129032258064,5.245901639344262,9.79259957577186,9.154649607864396,11.43335192414947,100.0,16.968911917098445,1.2345679012345678,7.008086253369272,14.32427221900906,12.957319958360936,10.409342787344336,100.0,5.128205128205129,0,0.0,329.0661691203949,394.4231561787052,329.0661691203949,394.4231561787052,4,5,4,5,1
73,United Kingdom,49.0,4650000000.0,14.0,649.0,2440.0,8501.0,3298.0,,168.0,28.0,145.0,1250.0,13281.0,3381.0,,29.0,6.0,16.387959866220736,8.790170132325143,22.580645161290324,12.516875602700097,14.376620315814282,15.361957425277387,22.992191857222533,0.0,21.761658031088082,6.91358024691358,19.54177897574124,24.098708309234624,25.13674647487461,20.145385211225644,0.0,18.58974358974359,2,0.14285714285714285,249.19402119967188,400.26280119094713,249.19402119967188,400.26280119094713,5,4,5,4,1
25,Germany,25.0,1980000000.0,12.0,698.0,2834.0,6193.0,2728.0,,122.0,5.0,153.0,893.0,6679.0,2279.0,,25.0,7.0,8.361204013377927,3.742911153119093,19.35483870967742,13.461909353905497,16.6980909733679,11.191224836459575,19.01840490797546,0.0,15.803108808290155,1.2345679012345678,20.619946091644206,17.216117216117215,12.641241601211318,13.579217064887088,0.0,16.025641025641026,2,0.14285714285714285,188.94842365690846,261.57311465589055,188.94842365690846,261.57311465589055,6,6,6,6,0
56,Saudi Arabia,2.0,136000000.0,,132.0,308.0,2696.0,141.0,1.0,18.0,,34.0,185.0,3991.0,162.0,1.0,4.0,,0.6688963210702341,0.2570888468809074,0.0,2.5458052073288333,1.8147537119962291,4.871878275326178,0.982989403234802,50.0,2.33160621761658,0.0,4.5822102425876015,3.5666088297667247,7.553704930443835,0.9652624679735446,100.0,2.5641025641025643,2,0.14285714285714285,182.70490701832804,188.26081802603488,182.70490701832804,188.26081802603488,7,7,7,7,0
72,United Arab Emirates,3.0,820000000.0,,86.0,238.0,822.0,99.0,1.0,,,25.0,123.0,1559.0,348.0,1.0,,,1.0033444816053512,1.550094517958412,0.0,1.6586306653809064,1.4023096865425406,1.4854168925512305,0.6901840490797546,50.0,0.0,0.0,3.3692722371967654,2.371312897628687,2.9506955616542063,2.073526783054281,100.0,0.0,4,0.2857142857142857,168.55478777265216,183.87542177003473,168.55478777265216,183.87542177003473,8,8,8,8,0
2,Australia,12.0,1250000000.0,9.0,222.0,1373.0,5430.0,1471.0,,74.0,16.0,70.0,840.0,10046.0,1723.0,,5.0,10.0,4.013377926421405,2.3629489603024574,14.516129032258064,4.281581485053038,8.089794956398775,9.812425458093896,10.25515895147797,0.0,9.585492227979275,3.950617283950617,9.433962264150944,16.194331983805668,19.01391123308413,10.266340940237145,0.0,3.2051282051282053,2,0.14285714285714285,124.98120090834158,163.23916222868476,124.98120090834158,163.23916222868476,9,11,9,11,2
62,South Korea,19.0,1100000000.0,3.0,239.0,1328.0,5742.0,1003.0,,112.0,4.0,26.0,530.0,6361.0,1017.0,,46.0,5.0,6.354515050167224,2.0793950850661624,4.838709677419355,4.609450337512054,7.824652368607118,10.37623332971918,6.992470719464585,0.0,14.507772020725389,0.9876543209876543,3.504043126684636,10.217852323115482,12.039367843285701,6.059703271167253,0.0,29.487179487179485,2,0.14285714285714285,119.87899896110127,170.4824597725016,119.87899896110127,170.4824597725016,10,10,10,10,0
35,Japan,12.0,396000000.0,10.0,428.0,2613.0,5730.0,970.0,,96.0,7.0,80.0,556.0,4222.0,672.0,,12.0,9.0,4.013377926421405,0.7485822306238186,16.129032258064516,8.254580520732883,15.39594626443554,10.354548411579746,6.762409369771333,0.0,12.435233160621761,1.728395061728395,10.78167115902965,10.719105455947561,7.990915113087915,4.00405171900137,0.0,7.6923076923076925,2,0.14285714285714285,117.01015634335359,145.5819172856249,117.01015634335359,145.5819172856249,11,12,11,12,1
24,France,27.0,1550000000.0,1.0,395.0,1698.0,3829.0,1231.0,,145.0,2.0,73.0,488.0,4076.0,1300.0,,8.0,11.0,9.03010033444816,2.9300567107750473,1.6129032258064515,7.618129218900675,10.004713646005184,6.919295962991073,8.581985499163414,0.0,18.78238341968912,0.49382716049382713,9.838274932614555,9.408135723925197,7.714583136178669,7.745933384972889,0.0,5.128205128205129,2,0.14285714285714285,105.80852748416939,177.56946975550863,105.80852748416939,177.56946975550863,12,9,12,9,3
34,Italy,6.0,118000000.0,10.0,430.0,1486.0,4670.0,871.0,,79.0,12.0,80.0,515.0,5654.0,683.0,,4.0,16.0,2.0066889632107023,0.22306238185255198,16.129032258064516,8.293153326904532,8.755597454631157,8.439047309263074,6.072225320691579,0.0,10.233160621761659,2.962962962962963,10.78167115902965,9.928667823404666,10.701239708526545,4.069594232258833,0.0,2.5641025641025643,2,0.14285714285714285,101.160206086665,114.53871415704452,101.160206086665,114.53871415704452,13,14,13,14,1
125,Iran,,,,77.0,263.0,2946.0,270.0,,197.0,,29.0,71.0,4417.0,118.0,,18.0,,0.0,0.0,0.0,1.485053037608486,1.5496111242045723,5.323647403231053,1.8823201338538762,0.0,25.518134715025905,0.0,3.908355795148248,1.3688066319645267,8.35998864389136,0.703092414943693,0.0,11.538461538461538,6,0.42857142857142855,61.63747143833326,61.63747143833326,61.63747143833326,61.63747143833326,14,20,14,20,6
58,Singapore,10.0,934000000.0,4.0,103.0,704.0,1645.0,792.0,,60.0,4.0,22.0,395.0,4045.0,948.0,,3.0,8.0,3.3444816053511706,1.7655954631379962,6.451612903225806,1.986499517839923,4.148008484562809,2.9726408616140807,5.521472392638037,0.0,7.772020725388601,0.9876543209876543,2.964959568733154,7.615191825718141,7.655909908204788,5.648572960734076,0.0,1.9230769230769231,2,0.14285714285714285,60.757697461213155,91.41815987214815,60.757697461213155,91.41815987214815,15,15,15,15,0
65,Sweden,6.0,258000000.0,16.0,114.0,464.0,1213.0,398.0,,23.0,1.0,44.0,162.0,1985.0,309.0,,3.0,19.0,2.0066889632107023,0.4877126654064272,25.806451612903224,2.198649951783992,2.7339146830073062,2.191983808594456,2.7746793084216397,0.0,2.9792746113989637,0.24691358024691357,5.929919137466308,3.1231925968768075,3.756979275101732,1.8411487815050944,0.0,1.9230769230769231,2,0.14285714285714285,58.000585899000484,72.96699567070327,58.000585899000484,72.96699567070327,16,19,16,19,3
63,Spain,3.0,895000000.0,4.0,343.0,784.0,4053.0,495.0,,,12.0,52.0,203.0,5233.0,388.0,,,18.0,1.0033444816053512,1.6918714555765595,6.451612903225806,6.615236258437801,4.61937308508131,7.324081101593841,3.450920245398773,0.0,0.0,2.962962962962963,7.008086253369272,3.913630229419703,9.904419418945775,2.3118631948996007,0.0,0.0,4,0.2857142857142857,57.257401590516764,73.42869721360822,57.257401590516764,73.42869721360822,17,18,17,18,1
66,Switzerland,12.0,269000000.0,,108.0,674.0,1830.0,1115.0,,41.0,,34.0,407.0,2788.0,1541.0,,2.0,14.0,4.013377926421405,0.5085066162570888,0.0,2.0829315332690452,3.9712467593683716,3.3069500162636887,7.773284997211378,0.0,5.310880829015544,0.0,4.5822102425876015,7.846539425486794,5.276805148102584,9.18191026634094,0.0,1.2820512820512822,4,0.2857142857142857,55.13669504237573,82.26800229844669,55.13669504237573,82.26800229844669,18,17,18,17,1
31,Indonesia,2.0,35925000.0,,65.0,626.0,2138.0,34.0,,282.0,,4.0,36.0,566.0,9.0,,6.0,,0.6688963210702341,0.06791115311909263,0.0,1.253616200578592,3.6884279990572706,3.8635295818424953,0.23703290574456218,0.0,36.52849740932643,0.0,0.5390835579514824,0.6940427993059572,1.071259581716665,0.05362569266519693,0.0,3.8461538461538463,4,0.2857142857142857,52.51207704853182,56.93292189366778,52.51207704853182,56.93292189366778,19,21,19,21,2
55,Russia,1.0,2650000.0,4.0,407.0,994.0,3189.0,350.0,,47.0,1.0,28.0,202.0,2365.0,422.0,,2.0,25.0,0.33444816053511706,0.00500945179584121,6.451612903225806,7.849566055930569,5.856705161442376,5.762766995554592,2.4400446179587285,0.0,6.0880829015544045,0.24691358024691357,3.7735849056603774,3.8943512627723154,4.476199488975111,2.5144491449681223,0.0,1.2820512820512822,2,0.14285714285714285,50.975785912671554,53.0125315866573,50.975785912671554,53.0125315866573,20,22,20,22,2
46,Netherlands,16.0,205000000.0,,134.0,702.0,2394.0,771.0,,38.0,,31.0,337.0,3129.0,779.0,,4.0,17.0,5.351170568561873,0.387523629489603,0.0,2.584378013500482,4.136224369549847,4.326141168817088,5.375069715560513,0.0,4.922279792746114,0.0,4.177897574123989,6.497011760169655,5.922210655815274,4.6416016206876005,0.0,2.5641025641025643,4,0.2857142857142857,50.8856114331246,85.31777662143347,50.8856114331246,85.31777662143347,21,16,21,16,5
33,Israel,28.0,2410000000.0,,42.0,450.0,810.0,933.0,,,,14.0,331.0,1309.0,2198.0,,,13.0,9.364548494983278,4.555765595463138,0.0,0.8100289296046287,2.6514258779165685,1.4637319744117967,6.504461795872839,0.0,0.0,0.0,1.8867924528301887,6.381337960285329,2.4775243683164567,13.096585830900315,0.0,0.0,6,0.42857142857142855,49.192203280584536,132.71408782326304,49.192203280584536,132.71408782326304,22,13,22,13,9
69,Turkey,3.0,11100000.0,5.0,150.0,654.0,2193.0,179.0,,74.0,10.0,31.0,108.0,2730.0,88.0,,2.0,,1.0033444816053512,0.020982986767485824,8.064516129032258,2.892960462873674,3.853405609238746,3.962918789981568,1.2479085331846067,0.0,9.585492227979275,2.4691358024691357,4.177897574123989,2.0821283979178715,5.167029431248226,0.5243401060597033,0.0,1.2820512820512822,2,0.14285714285714285,46.33411181453317,52.48007662477019,46.33411181453317,52.48007662477019,23,23,23,23,0
44,Mexico,0.0,90300000.0,5.0,209.0,376.0,2220.0,154.0,,41.0,2.0,27.0,149.0,3097.0,199.0,,3.0,,0.0,0.17069943289224954,8.064516129032258,4.03085824493732,2.215413622436955,4.011709855795294,1.0736196319018405,0.0,5.310880829015544,0.49382716049382713,3.638814016172507,2.872566030460767,5.861644743068042,1.1857236489304654,0.0,1.9230769230769231,2,0.14285714285714285,40.85335026821399,41.87754686556748,40.85335026821399,41.87754686556748,24,26,24,26,2
42,Malaysia,3.0,68547378.0,3.0,245.0,564.0,1984.0,37.0,,98.0,2.0,15.0,45.0,2000.0,15.0,,4.0,,1.0033444816053512,0.12957916446124765,4.838709677419355,4.725168756027001,3.3231204336554323,3.5852397990530918,0.25794757389849415,0.0,12.694300518134716,0.49382716049382713,2.0215633423180592,0.8675534991324465,3.7853695467019968,0.08937615444199487,0.0,2.5641025641025643,2,0.14285714285714285,40.37920267144558,47.176744547845175,40.37920267144558,47.176744547845175,25,25,25,25,0
9,Brazil,5.0,179000000.0,2.0,215.0,792.0,2964.0,305.0,,,8.0,31.0,112.0,3077.0,209.0,,,12.0,1.6722408026755853,0.3383742911153119,3.225806451612903,4.146576663452266,4.66650954513316,5.356174780440204,2.126324595649749,0.0,0.0,1.9753086419753085,4.177897574123989,2.1592442645074224,5.823791047601022,1.2453077518917952,0.0,0.0,4,0.2857142857142857,36.913556410178714,48.9772469729241,36.913556410178714,48.9772469729241,26,24,26,24,2
156,Pakistan,,,1.0,126.0,377.0,2280.0,112.0,,56.0,8.0,26.0,118.0,3676.0,85.0,,3.0,,0.0,0.0,1.6129032258064515,2.4300867888138864,2.2213056799434363,4.1201344464924645,0.7808142777467931,0.0,7.253886010362694,1.9753086419753085,3.504043126684636,2.274918064391749,6.95750922683827,0.5064648751713043,0.0,1.9230769230769231,4,0.2857142857142857,35.56045128730391,35.56045128730391,35.56045128730391,35.56045128730391,27,28,27,28,1
51,Poland,3.0,30569189.0,6.0,199.0,432.0,1700.0,153.0,,,9.0,21.0,115.0,1895.0,114.0,,,,1.0033444816053512,0.057786746691871456,9.67741935483871,3.837994214079074,2.5453688427999057,3.0720300697531533,1.06664807585053,0.0,0.0,2.2222222222222223,2.830188679245283,2.2170811644495854,3.586637645500142,0.6792587737591611,0.0,0.0,4,0.2857142857142857,32.79598027079499,39.16276764057832,32.79598027079499,39.16276764057832,28,27,28,27,1
49,Norway,1.0,185000000.0,2.0,63.0,268.0,1086.0,191.0,,11.0,31.0,30.0,137.0,1670.0,147.0,,1.0,24.0,0.33444816053511706,0.3497164461247637,3.225806451612903,1.2150433944069432,1.5790714117369786,1.962485091618779,1.3315672058003347,0.0,1.4248704663212435,7.654320987654321,4.0431266846361185,2.6412184306921147,3.160783571496167,0.8758863135315498,0.0,0.6410256410256411,2,0.14285714285714285,30.439370257192977,34.54435789715226,30.439370257192977,34.54435789715226,29,29,29,29,0
67,Taiwan,2.0,77300000.0,,79.0,836.0,2566.0,250.0,,,,19.0,207.0,2911.0,319.0,,,,0.6688963210702341,0.14612476370510397,0.0,1.523625843780135,4.925760075418336,4.636958328815642,1.742889012827663,0.0,0.0,0.0,2.560646900269542,3.990746096009254,5.509605375224757,1.9007328844664244,0.0,0.0,6,0.42857142857142855,27.605985601587093,32.496112110239125,27.605985601587093,32.496112110239125,30,30,30,30,0
5,Bangladesh,1.0,2200000.0,,194.0,540.0,601.0,89.0,,18.0,,65.0,137.0,917.0,92.0,,4.0,,0.33444816053511706,0.004158790170132325,0.0,3.7415621986499517,3.1817110534998823,1.0860529834833206,0.620468488566648,0.0,2.33160621761658,0.0,8.76010781671159,2.6412184306921147,1.7355919371628654,0.5481737472442353,0.0,2.5641025641025643,4,0.2857142857142857,27.549202388435003,29.5808440926665,27.549202388435003,29.5808440926665,31,33,31,33,2
8,Belgium,3.0,23496936.0,3.0,72.0,343.0,1634.0,348.0,,,1.0,16.0,117.0,2145.0,327.0,,,23.0,1.0033444816053512,0.04441764839319471,4.838709677419355,1.3886210221793636,2.0209757247230735,2.952763019986266,2.4261015058561073,0.0,0.0,0.24691358024691357,2.1563342318059298,2.255639097744361,4.059808838837892,1.9484001668354882,0.0,0.0,4,0.2857142857142857,25.342028995633296,31.62860177562457,25.342028995633296,31.62860177562457,32,31,32,31,1
26,Greece,0.0,43881057.0,1.0,134.0,395.0,876.0,138.0,,38.0,4.0,32.0,95.0,1118.0,118.0,,2.0,,0.0,0.0829509584120983,1.6129032258064515,2.584378013500482,2.327362715060099,1.5829990241786838,0.96207473508087,0.0,4.922279792746114,0.9876543209876543,4.3126684636118595,1.8315018315018314,2.1160215766064163,0.703092414943693,0.0,1.2820512820512822,2,0.14285714285714285,25.307938354487536,25.805644104960123,25.307938354487536,25.805644104960123,33,37,33,37,4
47,New Zealand,2.0,5074198.0,3.0,47.0,144.0,549.0,57.0,,26.0,10.0,21.0,20.0,785.0,26.0,,7.0,26.0,0.6688963210702341,0.009592056710775048,4.838709677419355,0.9064609450337512,0.8484562809333019,0.9920850048791066,0.3973786949247072,0.0,3.3678756476683938,2.4691358024691357,2.830188679245283,0.385579332947754,1.4857575470805338,0.15491866769945778,0.0,4.487179487179487,2,0.14285714285714285,23.842214145261273,27.91314441194733,23.842214145261273,27.91314441194733,34,35,34,35,1
54,Romania,2.0,87157437.0,3.0,72.0,342.0,530.0,69.0,,25.0,9.0,12.0,74.0,527.0,28.0,,2.0,,0.6688963210702341,0.16475886011342156,4.838709677419355,1.3886210221793636,2.015083667216592,0.9577505511583361,0.481037367540435,0.0,3.238341968911917,2.2222222222222223,1.6172506738544474,1.42664353190669,0.9974448755559762,0.16683548829172376,0.0,1.2820512820512822,2,0.14285714285714285,21.465647509491994,26.46757859659393,21.465647509491994,26.46757859659393,35,36,35,36,1
52,Portugal,1.0,520000000.0,2.0,184.0,417.0,1018.0,131.0,,,1.0,18.0,76.0,1380.0,107.0,,,,0.33444816053511706,0.9829867674858223,3.225806451612903,3.5486981677917067,2.456987980202687,1.839603888828653,0.9132738427216954,0.0,0.0,0.24691358024691357,2.4258760107816713,1.465201465201465,2.611904987224378,0.6375499016862302,0.0,0.0,4,0.2857142857142857,20.68925120431924,28.593860772444877,20.68925120431924,28.593860772444877,36,34,36,34,2
3,Austria,4.0,197000000.0,,98.0,383.0,993.0,282.0,,18.0,,12.0,116.0,1372.0,271.0,,1.0,,1.3377926421404682,0.3724007561436673,0.0,1.8900675024108005,2.256658024982324,1.7944269760381655,1.965978806469604,0.0,2.33160621761658,0.0,1.6172506738544474,2.236360131096973,2.5967635090375696,1.6147291902520406,0.0,0.6410256410256411,4,0.2857142857142857,20.655060071068284,30.916220460773097,20.655060071068284,30.916220460773097,37,32,37,32,5
76,Vietnam,2.0,16600000.0,,236.0,308.0,977.0,70.0,,,,36.0,58.0,2182.0,57.0,,,,0.6688963210702341,0.031379962192816635,0.0,4.5515911282545805,1.8147537119962291,1.7655137518522535,0.4880089235917457,0.0,0.0,0.0,4.8517520215633425,1.1181800655484866,4.129838175451878,0.33962938687958055,0.0,0.0,6,0.42857142857142855,19.759543448401146,23.96120114797945,19.759543448401146,23.96120114797945,38,38,38,38,0
126,Iraq,,,,54.0,115.0,917.0,16.0,,17.0,,20.0,136.0,1425.0,19.0,,6.0,,0.0,0.0,0.0,1.0414657666345226,0.6775866132453453,1.6570891611550833,0.11154489682097044,0.0,2.2020725388601035,0.0,2.6954177897574123,2.6219394640447273,2.697075802025173,0.11320979562652685,0.0,3.8461538461538463,6,0.42857142857142855,17.66355567432371,17.66355567432371,17.66355567432371,17.66355567432371,39,44,39,44,5
20,Denmark,2.0,85217129.0,,73.0,310.0,793.0,279.0,,18.0,,7.0,134.0,1114.0,227.0,,1.0,21.0,0.6688963210702341,0.16109098109640832,0.0,1.407907425265188,1.8265378270091917,1.433011673714265,1.9450641383156722,0.0,2.33160621761658,0.0,0.9433962264150944,2.5833815307499517,2.108450837513012,1.352559137222189,0.0,0.6410256410256411,4,0.2857142857142857,17.40292795701343,22.382851770013282,17.40292795701343,22.382851770013282,40,41,40,41,1
23,Finland,3.0,30803541.0,,74.0,301.0,919.0,273.0,,,,20.0,99.0,1712.0,220.0,,,20.0,1.0033444816053512,0.058229756143667294,0.0,1.4271938283510126,1.7735093094508603,1.6607033141783223,1.903234802007808,0.0,0.0,0.0,2.6954177897574123,1.9086176980913823,3.2402763319769092,1.3108502651492582,0.0,0.0,6,0.42857142857142855,16.981377576711985,23.350823003206095,16.981377576711985,23.350823003206095,41,40,41,40,1
21,Egypt,1.0,33000000.0,,155.0,300.0,1421.0,32.0,,,,26.0,74.0,2014.0,31.0,,,,0.33444816053511706,0.062381852551984876,0.0,2.9893924783027965,1.767617251944379,2.5678557230113124,0.22308979364194087,0.0,0.0,0.0,3.504043126684636,1.42664353190669,3.811867133528911,0.18471071918012275,0.0,0.0,6,0.42857142857142855,16.87204977128789,19.253029849810503,16.87204977128789,19.253029849810503,42,42,42,42,0
28,Hungary,1.0,18893519.0,3.0,36.0,122.0,474.0,55.0,,13.0,1.0,10.0,10.0,349.0,39.0,,6.0,,0.33444816053511706,0.03571553686200378,4.838709677419355,0.6943105110896818,0.7188310157907141,0.8565542665076439,0.3834355828220859,0.0,1.6839378238341969,0.24691358024691357,1.3477088948787062,0.192789666473877,0.6605469858994985,0.23237800154918667,0.0,3.8461538461538463,2,0.14285714285714285,16.072433550062826,18.29341573444555,16.072433550062826,18.29341573444555,43,43,43,43,0
61,South Africa,0.0,124000000.0,3.0,72.0,155.0,529.0,72.0,,,10.0,13.0,26.0,834.0,52.0,,,15.0,0.0,0.23440453686200377,4.838709677419355,1.3886210221793636,0.9132689135045958,0.9559434746467166,0.501952035694367,0.0,0.0,2.4691358024691357,1.752021563342318,0.5012531328320802,1.5784991009747327,0.30983733539891556,0.0,0.0,4,0.2857142857142857,15.443646595323584,16.85007381649561,15.443646595323584,16.85007381649561,44,46,44,46,2
32,Ireland,4.0,176000000.0,,42.0,273.0,553.0,157.0,,6.0,,13.0,116.0,883.0,90.0,,1.0,22.0,1.3377926421404682,0.332703213610586,0.0,0.8100289296046287,1.6085316992693848,0.9993133109255846,1.0945343000557723,0.0,0.7772020725388601,0.0,1.752021563342318,2.236360131096973,1.6712406548689316,0.5362569266519692,0.0,0.6410256410256411,4,0.2857142857142857,13.79701108513112,23.819986219637446,13.79701108513112,23.819986219637446,45,39,45,39,6
36,Jordan,0.0,5100000.0,1.0,32.0,106.0,431.0,10.0,,13.0,7.0,19.0,30.0,514.0,1.0,,1.0,,0.0,0.009640831758034027,1.6129032258064515,0.6171648987463838,0.6245580956870139,0.7788499765080054,0.06971556051310653,0.0,1.6839378238341969,1.728395061728395,2.560646900269542,0.578368999421631,0.9728399735024131,0.005958410296132991,0.0,0.6410256410256411,2,0.14285714285714285,11.884005399096948,11.94185038964515,11.884005399096948,11.94185038964515,46,48,46,48,2
103,Czechia,,,,73.0,305.0,694.0,146.0,,,,17.0,71.0,658.0,137.0,,,,0.0,0.0,0.0,1.407907425265188,1.7970775394767853,1.2541110990639344,1.0178471834913552,0.0,0.0,0.0,2.2911051212938007,1.3688066319645267,1.245386580864957,0.8163022105702199,0.0,0.0,8,0.5714285714285714,11.198543791990765,11.198543791990765,11.198543791990765,11.198543791990765,47,49,47,49,2
50,Philippines,0.0,0.0,,18.0,242.0,813.0,121.0,,,,1.0,62.0,1757.0,216.0,,,,0.0,0.0,0.0,0.3471552555448409,1.4258779165684656,1.469153203946655,0.843558282208589,0.0,0.0,0.0,0.1347708894878706,1.1952959321380374,3.3254471467777043,1.2870166239647263,0.0,0.0,6,0.42857142857142855,10.028275250636888,10.028275250636888,10.028275250636888,10.028275250636888,48,51,48,51,3
16,Colombia,1.0,3000000.0,,84.0,129.0,564.0,51.0,,9.0,,9.0,21.0,452.0,16.0,,2.0,,0.33444816053511706,0.005671077504725898,0.0,1.6200578592092574,0.7600754183360829,1.0191911525533992,0.3555493586168433,0.0,1.16580310880829,0.0,1.2129380053908356,0.4048582995951417,0.8554935175546513,0.09533456473812786,0.0,1.2820512820512822,4,0.2857142857142857,9.111471804893755,11.152187233132812,9.111471804893755,11.152187233132812,49,50,49,50,1
146,Morocco,,,,145.0,96.0,506.0,9.0,,,,22.0,14.0,446.0,76.0,,,,0.0,0.0,0.0,2.7965284474445515,0.5656375206222013,0.914380714879468,0.06274400446179587,0.0,0.0,0.0,2.964959568733154,0.2699055330634278,0.8441374089145453,0.4528391825061074,0.0,0.0,8,0.5714285714285714,8.871132380625252,8.871132380625252,8.871132380625252,8.871132380625252,50,52,50,52,2
60,Slovenia,0.0,0.0,,,136.0,638.0,118.0,,,,,72.0,1455.0,239.0,,,,0.0,0.0,0.0,0.0,0.8013198208814518,1.1529148144132422,0.822643614054657,0.0,0.0,0.0,0.0,1.3880855986119145,2.7538563452257026,1.424060060775785,0.0,0.0,8,0.5714285714285714,8.342880253962752,8.342880253962752,8.342880253962752,8.342880253962752,51,53,51,53,2
14,Chile,1.0,305000000.0,1.0,37.0,63.0,466.0,58.0,,,2.0,2.0,21.0,383.0,37.0,,,,0.33444816053511706,0.5765595463137996,1.6129032258064515,0.7135969141755063,0.3711996229083196,0.8420976544146879,0.40435025097601784,0.0,0.0,0.49382716049382713,0.2695417789757412,0.4048582995951417,0.7248982681934324,0.2204611809569207,0.0,0.0,4,0.2857142857142857,6.968742063344963,12.434788304438463,6.968742063344963,12.434788304438463,52,47,52,47,5
68,Thailand,0.0,45000000.0,,56.0,347.0,595.0,27.0,,,,3.0,32.0,592.0,18.0,,,,0.0,0.08506616257088846,0.0,1.0800385728061717,2.0445439547489985,1.0752105244136037,0.18823201338538761,0.0,0.0,0.0,0.40431266846361186,0.6169269327164064,1.120469385823791,0.10725138533039386,0.0,0.0,6,0.42857142857142855,6.7220516002592525,7.232448575684583,6.7220516002592525,7.232448575684583,53,54,53,54,1
162,Qatar,,,,32.0,75.0,319.0,49.0,,,,19.0,28.0,642.0,61.0,,,,0.0,0.0,0.0,0.6171648987463838,0.4419043129860947,0.5764574072066211,0.341606246514222,0.0,0.0,0.0,2.560646900269542,0.5398110661268556,1.215103624491341,0.3634630280641125,0.0,0.0,8,0.5714285714285714,6.656157484405172,6.656157484405172,6.656157484405172,6.656157484405172,54,55,54,55,1
11,Bulgaria,0.0,11760555.0,1.0,31.0,107.0,169.0,11.0,,,1.0,19.0,13.0,72.0,13.0,,,,0.0,0.022231672967863894,1.6129032258064515,0.5978784956605593,0.6304501531934952,0.30539593046369584,0.07668711656441718,0.0,0.0,0.24691358024691357,2.560646900269542,0.2506265664160401,0.13627330368127188,0.07745933384972889,0.0,0.0,4,0.2857142857142857,6.5174662791199784,6.650856316927162,6.5174662791199784,6.650856316927162,55,56,55,56,1
27,Hong Kong,2.0,629000000.0,,,67.0,135.0,80.0,,,,,34.0,356.0,336.0,,,,0.6688963210702341,1.1890359168241966,0.0,0.0,0.39476785293424466,0.24395532906863276,0.5577244841048522,0.0,0.0,0.0,0.0,0.6554848660111818,0.6737957793129554,2.002025859500685,0.0,0.0,8,0.5714285714285714,6.385686408826983,17.533279836193568,6.385686408826983,17.533279836193568,56,45,56,45,11
175,Tunisia,,,,69.0,186.0,477.0,18.0,,,,5.0,31.0,419.0,13.0,,,,0.0,0.0,0.0,1.33076181292189,1.0959226962055149,0.8619754960425025,0.12548800892359174,0.0,0.0,0.0,0.6738544474393531,0.5976479660690187,0.7930349200340683,0.07745933384972889,0.0,0.0,8,0.5714285714285714,5.5561446814856685,5.5561446814856685,5.5561446814856685,5.5561446814856685,57,57,57,57,0
71,Ukraine,0.0,0.0,,68.0,202.0,399.0,20.0,,,,7.0,30.0,169.0,17.0,,,,0.0,0.0,0.0,1.3114754098360655,1.190195616309215,0.7210235281361813,0.13943112102621305,0.0,0.0,0.0,0.9433962264150944,0.578368999421631,0.31986372669631874,0.10129297503426087,0.0,0.0,6,0.42857142857142855,5.30504760287498,5.30504760287498,5.30504760287498,5.30504760287498,58,58,58,58,0
48,Nigeria,0.0,0.0,,53.0,63.0,414.0,21.0,,,,11.0,11.0,396.0,47.0,,,,0.0,0.0,0.0,1.0221793635486982,0.3711996229083196,0.7481296758104738,0.1464026770775237,0.0,0.0,0.0,1.482479784366577,0.2120686331212647,0.7495031702469953,0.2800452839182506,0.0,0.0,6,0.42857142857142855,5.012008210998102,5.012008210998102,5.012008210998102,5.012008210998102,59,59,59,59,0
82,Algeria,,,,56.0,100.0,449.0,8.0,,,,6.0,26.0,463.0,4.0,,,,0.0,0.0,0.0,1.0800385728061717,0.5892057506481263,0.8113773537171564,0.05577244841048522,0.0,0.0,0.0,0.8086253369272237,0.5012531328320802,0.8763130500615123,0.023833641184531965,0.0,0.0,8,0.5714285714285714,4.746419286587288,4.746419286587288,4.746419286587288,4.746419286587288,60,60,60,60,0
13,Cayman Islands,0.0,0.0,,,107.0,89.0,55.0,,,,,117.0,350.0,102.0,,,,0.0,0.0,0.0,0.0,0.6304501531934952,0.16082980953413567,0.3834355828220859,0.0,0.0,0.0,0.0,2.255639097744361,0.6624396706728495,0.6077578502055652,0.0,0.0,8,0.5714285714285714,4.7005521641724926,4.7005521641724926,4.7005521641724926,4.7005521641724926,61,61,61,61,0
39,Lebanon,0.0,5000000.0,,16.0,70.0,280.0,27.0,,7.0,,1.0,16.0,512.0,23.0,,1.0,,0.0,0.00945179584120983,0.0,0.3085824493731919,0.4124440254536884,0.5059814232534605,0.18823201338538761,0.0,0.9067357512953368,0.0,0.1347708894878706,0.3084634663582032,0.9690546039557112,0.13704343681105882,0.0,0.6410256410256411,4,0.2857142857142857,4.52178549624076,4.578496271288019,4.52178549624076,4.578496271288019,62,62,62,62,0
107,Ecuador,,,,104.0,106.0,185.0,10.0,,,,5.0,23.0,109.0,2.0,,,,0.0,0.0,0.0,2.005785920925747,0.6245580956870139,0.33430915464960786,0.06971556051310653,0.0,0.0,0.0,0.6738544474393531,0.4434162328899171,0.20630264029525883,0.011916820592265983,0.0,0.0,8,0.5714285714285714,4.36985887299227,4.36985887299227,4.36985887299227,4.36985887299227,63,63,63,63,0
59,Slovakia,0.0,0.0,1.0,26.0,70.0,292.0,7.0,,,1.0,1.0,4.0,267.0,15.0,,,,0.0,0.0,1.6129032258064515,0.5014464802314368,0.4124440254536884,0.5276663413928946,0.04880089235917457,0.0,0.0,0.24691358024691357,0.1347708894878706,0.0771158665895508,0.5053468344847166,0.08937615444199487,0.0,0.0,4,0.2857142857142857,4.156784290494692,4.156784290494692,4.156784290494692,4.156784290494692,64,64,64,64,0
64,Sri Lanka,0.0,0.0,,36.0,131.0,138.0,36.0,,,,4.0,11.0,167.0,17.0,,,,0.0,0.0,0.0,0.6943105110896818,0.7718595333490454,0.24937655860349128,0.2509760178471835,0.0,0.0,0.0,0.5390835579514824,0.2120686331212647,0.31607835714961674,0.10129297503426087,0.0,0.0,6,0.42857142857142855,3.1350461441460267,3.1350461441460267,3.1350461441460267,3.1350461441460267,65,66,65,66,1
18,Cyprus,0.0,2900000.0,,27.0,66.0,224.0,19.0,,,,3.0,18.0,436.0,4.0,,,,0.0,0.005482041587901701,0.0,0.5207328833172613,0.38887579542776335,0.40478513860276844,0.1324595649749024,0.0,0.0,0.0,0.40431266846361186,0.3470213996529786,0.8252105611810353,0.023833641184531965,0.0,0.0,6,0.42857142857142855,3.052713694392755,3.0856059439201653,3.052713694392755,3.0856059439201653,66,67,66,67,1
0,Argentina,0.0,13897083.0,,32.0,44.0,358.0,49.0,,,,2.0,12.0,238.0,28.0,,,,0.0,0.026270478260869565,0.0,0.6171648987463838,0.2592505302851756,0.6469333911597817,0.341606246514222,0.0,0.0,0.0,0.2695417789757412,0.2313475997686524,0.4504589760575376,0.16683548829172376,0.0,0.0,6,0.42857142857142855,3.009409388060088,3.167032257625305,3.009409388060088,3.167032257625305,67,65,67,65,2
57,Serbia,0.0,0.0,,32.0,96.0,302.0,18.0,,,,3.0,13.0,213.0,13.0,,,,0.0,0.0,0.0,0.6171648987463838,0.5656375206222013,0.5457371065090896,0.12548800892359174,0.0,0.0,0.0,0.40431266846361186,0.2506265664160401,0.4031418567237627,0.07745933384972889,0.0,0.0,6,0.42857142857142855,2.98956796025441,2.98956796025441,2.98956796025441,2.98956796025441,68,68,68,68,0
17,Croatia,0.0,32000000.0,,17.0,109.0,213.0,23.0,,,,2.0,11.0,239.0,8.0,,,,0.0,0.06049149338374291,0.0,0.32786885245901637,0.6422342682064577,0.3849072969749539,0.160345789180145,0.0,0.0,0.0,0.2695417789757412,0.2120686331212647,0.4523516608308886,0.04766728236906393,0.0,0.0,6,0.42857142857142855,2.5574770555012742,2.9204260158037316,2.5574770555012742,2.9204260158037316,69,69,69,69,0
111,Ethiopia,,,,20.0,23.0,233.0,13.0,,,,4.0,4.0,250.0,2.0,,,,0.0,0.0,0.0,0.3857280617164899,0.13551732264906904,0.42104882720734393,0.09063022866703849,0.0,0.0,0.0,0.5390835579514824,0.0771158665895508,0.4731711933377496,0.011916820592265983,0.0,0.0,8,0.5714285714285714,2.13421187871099,2.13421187871099,2.13421187871099,2.13421187871099,70,73,70,73,3
41,Luxembourg,0.0,1207950.0,,18.0,60.0,119.0,34.0,,,,2.0,15.0,148.0,15.0,,,,0.0,0.002283459357277883,0.0,0.3471552555448409,0.3535234503888758,0.21504210488272074,0.23703290574456218,0.0,0.0,0.0,0.2695417789757412,0.2891844997108155,0.28011734645594777,0.08937615444199487,0.0,0.0,6,0.42857142857142855,2.083256955502777,2.096957711646444,2.083256955502777,2.096957711646444,71,74,71,74,3
161,Peru,,,,18.0,98.0,121.0,7.0,,,,3.0,12.0,69.0,7.0,,,,0.0,0.0,0.0,0.3471552555448409,0.5774216356351638,0.21865625790595974,0.04880089235917457,0.0,0.0,0.0,0.40431266846361186,0.2313475997686524,0.13059524936121888,0.04170887207293094,0.0,0.0,8,0.5714285714285714,1.999998431111553,1.999998431111553,1.999998431111553,1.999998431111553,72,75,72,75,3
22,Estonia,0.0,80815594.0,,21.0,44.0,145.0,22.0,,,,2.0,8.0,121.0,8.0,,,,0.0,0.1527704990548204,0.0,0.40501446480231434,0.2592505302851756,0.2620260941848278,0.15337423312883436,0.0,0.0,0.0,0.2695417789757412,0.1542317331791016,0.2290148575754708,0.04766728236906393,0.0,0.0,6,0.42857142857142855,1.93289147355535,2.8495144678842723,1.93289147355535,2.8495144678842723,73,70,73,70,3
40,Lithuania,0.0,0.0,,,28.0,184.0,10.0,,1.0,,,1.0,286.0,1.0,,1.0,,0.0,0.0,0.0,0.0,0.16497761018147536,0.3325020781379884,0.06971556051310653,0.0,0.12953367875647667,0.0,0.0,0.0192789666473877,0.5413078451783856,0.005958410296132991,0.0,0.6410256410256411,6,0.42857142857142855,1.9042997907365942,1.9042997907365942,1.9042997907365942,1.9042997907365942,74,76,74,76,2
4,Bahrain,0.0,0.0,,21.0,19.0,75.0,,,,,7.0,1.0,148.0,,,,,0.0,0.0,0.0,0.40501446480231434,0.11194909262314401,0.13553073837146265,0.0,0.0,0.0,0.0,0.9433962264150944,0.0192789666473877,0.28011734645594777,0.0,0.0,0.0,8,0.5714285714285714,1.8952868353153507,1.8952868353153507,1.8952868353153507,1.8952868353153507,75,77,75,77,2
117,Ghana,,,,6.0,25.0,207.0,9.0,,,,1.0,13.0,162.0,61.0,,,,0.0,0.0,0.0,0.11571841851494696,0.14730143766203158,0.3740648379052369,0.06274400446179587,0.0,0.0,0.0,0.1347708894878706,0.2506265664160401,0.3066149332828617,0.3634630280641125,0.0,0.0,8,0.5714285714285714,1.755304115794896,1.755304115794896,1.755304115794896,1.755304115794896,76,78,76,78,2
38,Latvia,0.0,2565042.0,,19.0,36.0,84.0,5.0,,,,3.0,5.0,58.0,9.0,,,,0.0,0.004848850661625709,0.0,0.36644165863066536,0.21211407023332549,0.15179442697603818,0.03485778025655326,0.0,0.0,0.0,0.40431266846361186,0.0963948332369385,0.10977571685435791,0.05362569266519693,0.0,0.0,6,0.42857142857142855,1.434165697978313,1.4632588019480675,1.434165697978313,1.4632588019480675,77,79,77,79,2
128,Kazakhstan,,,,7.0,68.0,152.0,10.0,,,,1.0,3.0,121.0,5.0,,,,0.0,0.0,0.0,0.13500482160077146,0.4006599104407259,0.2746756297661643,0.06971556051310653,0.0,0.0,0.0,0.1347708894878706,0.0578368999421631,0.2290148575754708,0.02979205148066496,0.0,0.0,8,0.5714285714285714,1.3314706208069378,1.3314706208069378,1.3314706208069378,1.3314706208069378,78,80,78,80,2
37,Kenya,0.0,0.0,,5.0,16.0,77.0,12.0,,,,2.0,12.0,128.0,13.0,,,,0.0,0.0,0.0,0.09643201542912247,0.09427292010370021,0.13914489139470165,0.08365867261572783,0.0,0.0,0.0,0.2695417789757412,0.2313475997686524,0.2422636509889278,0.07745933384972889,0.0,0.0,6,0.42857142857142855,1.2341208631263023,1.2341208631263023,1.2341208631263023,1.2341208631263023,79,81,79,81,2
90,Bosnia And Herzegovina,,,,37.0,14.0,40.0,,,,,1.0,5.0,46.0,,,,,0.0,0.0,0.0,0.7135969141755063,0.08248880509073768,0.07228306046478009,0.0,0.0,0.0,0.0,0.1347708894878706,0.0963948332369385,0.08706349957414593,0.0,0.0,0.0,10,0.7142857142857143,1.1865980020299791,1.1865980020299791,1.1865980020299791,1.1865980020299791,80,82,80,82,2
150,Nepal,,,,11.0,13.0,78.0,16.0,,,,1.0,13.0,134.0,1.0,,,,0.0,0.0,0.0,0.21215043394406943,0.07659674758425643,0.14095196790632114,0.11154489682097044,0.0,0.0,0.0,0.1347708894878706,0.2506265664160401,0.25361975962903377,0.005958410296132991,0.0,0.0,8,0.5714285714285714,1.186219672084695,1.186219672084695,1.186219672084695,1.186219672084695,81,83,81,83,2
43,Malta,0.0,0.0,,9.0,,32.0,26.0,,,,4.0,,46.0,13.0,,,,0.0,0.0,0.0,0.17357762777242045,0.0,0.05782644837182406,0.18126045733407697,0.0,0.0,0.0,0.5390835579514824,0.0,0.08706349957414593,0.07745933384972889,0.0,0.0,8,0.5714285714285714,1.1162709248536788,1.1162709248536788,1.1162709248536788,1.1162709248536788,82,84,82,84,2
155,Oman,,,,19.0,26.0,107.0,4.0,,,,1.0,4.0,72.0,1.0,,,,0.0,0.0,0.0,0.36644165863066536,0.15319349516851286,0.19335718674328672,0.02788622420524261,0.0,0.0,0.0,0.1347708894878706,0.0771158665895508,0.13627330368127188,0.005958410296132991,0.0,0.0,8,0.5714285714285714,1.094997034802534,1.094997034802534,1.094997034802534,1.094997034802534,83,85,83,85,2
75,Uruguay,0.0,0.0,,,14.0,70.0,5.0,,,,,30.0,83.0,15.0,,,,0.0,0.0,0.0,0.0,0.08248880509073768,0.12649535581336513,0.03485778025655326,0.0,0.0,0.0,0.0,0.578368999421631,0.15709283618813286,0.08937615444199487,0.0,0.0,8,0.5714285714285714,1.068679931212415,1.068679931212415,1.068679931212415,1.068679931212415,84,86,84,86,2
170,Syria,,,,,,35.0,2.0,,1.0,,,,70.0,4.0,,1.0,,0.0,0.0,0.0,0.0,0.0,0.06324767790668256,0.013943112102621304,0.0,0.12953367875647667,0.0,0.0,0.0,0.13248793413456988,0.023833641184531965,0.0,0.6410256410256411,10,0.7142857142857143,1.0040716851105236,1.0040716851105236,1.0040716851105236,1.0040716851105236,85,87,85,87,2
178,Venezuela,,,,6.0,18.0,61.0,,,,,1.0,23.0,35.0,,,,,0.0,0.0,0.0,0.11571841851494696,0.10605703511666274,0.11023166720878962,0.0,0.0,0.0,0.0,0.1347708894878706,0.4434162328899171,0.06624396706728494,0.0,0.0,0.0,10,0.7142857142857143,0.9764382102854721,0.9764382102854721,0.9764382102854721,0.9764382102854721,86,88,86,88,2
169,Sudan,,,,10.0,33.0,46.0,,,,,2.0,6.0,41.0,,,,,0.0,0.0,0.0,0.19286403085824494,0.19443789771388167,0.0831255195344971,0.0,0.0,0.0,0.0,0.2695417789757412,0.1156737998843262,0.07760007570739093,0.0,0.0,0.0,10,0.7142857142857143,0.933243102674082,0.933243102674082,0.933243102674082,0.933243102674082,87,89,87,89,2
181,Zimbabwe,,,,4.0,19.0,52.0,,,,,1.0,5.0,177.0,,,,,0.0,0.0,0.0,0.07714561234329798,0.11194909262314401,0.0939679786042141,0.0,0.0,0.0,0.0,0.1347708894878706,0.0963948332369385,0.33500520488312674,0.0,0.0,0.0,10,0.7142857142857143,0.8492336111785919,0.8492336111785919,0.8492336111785919,0.8492336111785919,88,91,88,91,3
179,Yemen,,,,,37.0,104.0,,,,,,3.0,144.0,,,,,0.0,0.0,0.0,0.0,0.21800612773980674,0.1879359572084282,0.0,0.0,0.0,0.0,0.0,0.0578368999421631,0.27254660736254377,0.0,0.0,0.0,12,0.8571428571428571,0.7363255922529418,0.7363255922529418,0.7363255922529418,0.7363255922529418,89,92,89,92,3
124,Honduras,,,,9.0,,6.0,,,,,4.0,,4.0,,,,,0.0,0.0,0.0,0.17357762777242045,0.0,0.010842459069717012,0.0,0.0,0.0,0.0,0.5390835579514824,0.0,0.007570739093403994,0.0,0.0,0.0,12,0.8571428571428571,0.731074383887024,0.731074383887024,0.731074383887024,0.731074383887024,90,93,90,93,3
95,Cambodia,,,,,52.0,102.0,,,,,,2.0,91.0,,,,,0.0,0.0,0.0,0.0,0.3063869903370257,0.1843218041851892,0.0,0.0,0.0,0.0,0.0,0.0385579332947754,0.17223431437494086,0.0,0.0,0.0,12,0.8571428571428571,0.7015010421919312,0.7015010421919312,0.7015010421919312,0.7015010421919312,91,94,91,94,3
100,Costa Rica,,,,,18.0,57.0,7.0,,,,,16.0,55.0,5.0,,,,0.0,0.0,0.0,0.0,0.10605703511666274,0.10300336116231161,0.04880089235917457,0.0,0.0,0.0,0.0,0.3084634663582032,0.10409766253430491,0.02979205148066496,0.0,0.0,10,0.7142857142857143,0.700214469011322,0.700214469011322,0.700214469011322,0.700214469011322,92,95,92,95,3
116,Georgia,,,,,22.0,82.0,4.0,,,,,4.0,124.0,3.0,,,,0.0,0.0,0.0,0.0,0.1296252651425878,0.14818027395279917,0.02788622420524261,0.0,0.0,0.0,0.0,0.0771158665895508,0.2346929118955238,0.017875230888398975,0.0,0.0,10,0.7142857142857143,0.6353757726741032,0.6353757726741032,0.6353757726741032,0.6353757726741032,93,96,93,96,3
130,Kuwait,,,,,16.0,91.0,8.0,,,,,2.0,121.0,4.0,,,,0.0,0.0,0.0,0.0,0.09427292010370021,0.16444396255737467,0.05577244841048522,0.0,0.0,0.0,0.0,0.0385579332947754,0.2290148575754708,0.023833641184531965,0.0,0.0,10,0.7142857142857143,0.6058957631263383,0.6058957631263383,0.6058957631263383,0.6058957631263383,94,97,94,97,3
164,Rwanda,,,,,6.0,29.0,8.0,,,,,8.0,114.0,15.0,,,,0.0,0.0,0.0,0.0,0.03535234503888758,0.052405218836965556,0.05577244841048522,0.0,0.0,0.0,0.0,0.1542317331791016,0.21576606416201383,0.08937615444199487,0.0,0.0,10,0.7142857142857143,0.6029039640694487,0.6029039640694487,0.6029039640694487,0.6029039640694487,95,98,95,98,3
102,Cuba,,,,,21.0,69.0,3.0,,,,,2.0,131.0,1.0,,,,0.0,0.0,0.0,0.0,0.12373320763610653,0.12468827930174564,0.02091466815393196,0.0,0.0,0.0,0.0,0.0385579332947754,0.2479417053089808,0.005958410296132991,0.0,0.0,10,0.7142857142857143,0.5617942039916733,0.5617942039916733,0.5617942039916733,0.5617942039916733,96,99,96,99,3
70,Uganda,0.0,0.0,,,5.0,75.0,,,,,,4.0,162.0,,,,,0.0,0.0,0.0,0.0,0.029460287532406315,0.13553073837146265,0.0,0.0,0.0,0.0,0.0,0.0771158665895508,0.3066149332828617,0.0,0.0,0.0,10,0.7142857142857143,0.5487218257762815,0.5487218257762815,0.5487218257762815,0.5487218257762815,97,100,97,100,3
172,Tanzania,,,,,11.0,57.0,1.0,,,,,7.0,117.0,1.0,,,,0.0,0.0,0.0,0.0,0.0648126325712939,0.10300336116231161,0.006971556051310652,0.0,0.0,0.0,0.0,0.1349527665317139,0.2214441184820668,0.005958410296132991,0.0,0.0,10,0.7142857142857143,0.5371428450948299,0.5371428450948299,0.5371428450948299,0.5371428450948299,98,101,98,101,3
45,Mongolia,0.0,0.0,,12.0,,21.0,,,,,1.0,,67.0,,,,,0.0,0.0,0.0,0.23143683702989393,0.0,0.037948606744009544,0.0,0.0,0.0,0.0,0.1347708894878706,0.0,0.12680987981451688,0.0,0.0,0.0,10,0.7142857142857143,0.530966213076291,0.530966213076291,0.530966213076291,0.530966213076291,99,102,99,102,3
1,Armenia,0.0,0.0,,,3.0,68.0,10.0,,,,,3.0,111.0,5.0,,,,0.0,0.0,0.0,0.0,0.01767617251944379,0.12288120279012614,0.06971556051310653,0.0,0.0,0.0,0.0,0.0578368999421631,0.21008800984196083,0.02979205148066496,0.0,0.0,8,0.5714285714285714,0.5079898970874653,0.5079898970874653,0.5079898970874653,0.5079898970874653,100,103,100,103,3
7,Belarus,0.0,0.0,,5.0,13.0,66.0,,,,,1.0,1.0,31.0,,,,,0.0,0.0,0.0,0.09643201542912247,0.07659674758425643,0.11926704976688712,0.0,0.0,0.0,0.0,0.1347708894878706,0.0192789666473877,0.05867322797388095,0.0,0.0,0.0,8,0.5714285714285714,0.5050188968894054,0.5050188968894054,0.5050188968894054,0.5050188968894054,101,104,101,104,3
157,Palestine,,,,,19.0,73.0,3.0,,,,,1.0,108.0,1.0,,,,0.0,0.0,0.0,0.0,0.11194909262314401,0.13191658534822365,0.02091466815393196,0.0,0.0,0.0,0.0,0.0192789666473877,0.20440995552190783,0.005958410296132991,0.0,0.0,10,0.7142857142857143,0.4944276785907281,0.4944276785907281,0.4944276785907281,0.4944276785907281,102,105,102,105,3
113,Fiji,,,,1.0,,33.0,,,,,1.0,,127.0,,,,,0.0,0.0,0.0,0.019286403085824494,0.0,0.05963352488344356,0.0,0.0,0.0,0.0,0.1347708894878706,0.0,0.2403709662155768,0.0,0.0,0.0,12,0.8571428571428571,0.4540617836727155,0.4540617836727155,0.4540617836727155,0.4540617836727155,103,106,103,106,3
142,Mauritius,,,,,8.0,41.0,1.0,,,,,1.0,65.0,30.0,,,,0.0,0.0,0.0,0.0,0.047136460051850106,0.07409013697639959,0.006971556051310652,0.0,0.0,0.0,0.0,0.0192789666473877,0.1230245102678149,0.17875230888398974,0.0,0.0,10,0.7142857142857143,0.4492539388787527,0.4492539388787527,0.4492539388787527,0.4492539388787527,104,107,104,107,3
136,Macedonia,,,,,26.0,38.0,,,,,,6.0,46.0,,,,,0.0,0.0,0.0,0.0,0.15319349516851286,0.06866890744154107,0.0,0.0,0.0,0.0,0.0,0.1156737998843262,0.08706349957414593,0.0,0.0,0.0,12,0.8571428571428571,0.42459970206852604,0.42459970206852604,0.42459970206852604,0.42459970206852604,105,108,105,108,3
93,Brunei Darussalam,,,,8.0,,33.0,,,,,1.0,,40.0,,,,,0.0,0.0,0.0,0.15429122468659595,0.0,0.05963352488344356,0.0,0.0,0.0,0.0,0.1347708894878706,0.0,0.07570739093403994,0.0,0.0,0.0,12,0.8571428571428571,0.4244030299919501,0.4244030299919501,0.4244030299919501,0.4244030299919501,106,109,106,109,3
147,Mozambique,,,,,11.0,104.0,,,,,,2.0,70.0,,,,,0.0,0.0,0.0,0.0,0.0648126325712939,0.1879359572084282,0.0,0.0,0.0,0.0,0.0,0.0385579332947754,0.13248793413456988,0.0,0.0,0.0,12,0.8571428571428571,0.4237944572090674,0.4237944572090674,0.4237944572090674,0.4237944572090674,107,110,107,110,3
133,Libya,,,,,23.0,30.0,3.0,,,,,5.0,25.0,1.0,,,,0.0,0.0,0.0,0.0,0.13551732264906904,0.05421229534858506,0.02091466815393196,0.0,0.0,0.0,0.0,0.0963948332369385,0.04731711933377496,0.005958410296132991,0.0,0.0,10,0.7142857142857143,0.36031464901843246,0.36031464901843246,0.36031464901843246,0.36031464901843246,108,111,108,111,3
6,Barbados,1.0,1500000.0,,,,1.0,,,,,,,1.0,,,,,0.33444816053511706,0.002835538752362949,0.0,0.0,0.0,0.0018070765116195019,0.0,0.0,0.0,0.0,0.0,0.0,0.0018926847733509984,0.0,0.0,0.0,12,0.8571428571428571,0.34098346057245055,2.3646856562973304,0.34098346057245055,2.3646856562973304,109,72,109,72,37
145,Montenegro,,,,,12.0,56.0,,,,,,5.0,38.0,,,,,0.0,0.0,0.0,0.0,0.07070469007777516,0.10119628465069211,0.0,0.0,0.0,0.0,0.0,0.0963948332369385,0.07192202138733794,0.0,0.0,0.0,12,0.8571428571428571,0.3402178293527437,0.3402178293527437,0.3402178293527437,0.3402178293527437,110,112,110,112,2
29,Iceland,0.0,0.0,,,,43.0,9.0,,,,,,96.0,3.0,,,,0.0,0.0,0.0,0.0,0.0,0.07770428999963859,0.06274400446179587,0.0,0.0,0.0,0.0,0.0,0.18169773824169586,0.017875230888398975,0.0,0.0,10,0.7142857142857143,0.3400212635915293,0.3400212635915293,0.3400212635915293,0.3400212635915293,111,113,111,113,2
10,British Virgin Islands,1.0,2400000.0,,,,,,,,,,,,,,,,0.33444816053511706,0.004536862003780718,0.0,0.0,0.0,0.0,0.0,0.0,0.0,0.0,0.0,0.0,0.0,0.0,0.0,0.0,14,1.0,0.3389850225388978,2.3728951577722848,0.3389850225388978,2.3728951577722848,112,71,112,71,41
160,Paraguay,,,,3.0,7.0,21.0,,,,,1.0,1.0,17.0,,,,,0.0,0.0,0.0,0.05785920925747348,0.04124440254536884,0.037948606744009544,0.0,0.0,0.0,0.0,0.1347708894878706,0.0192789666473877,0.03217564114696697,0.0,0.0,0.0,10,0.7142857142857143,0.32327771582907716,0.32327771582907716,0.32327771582907716,0.32327771582907716,113,114,113,114,1
81,Albania,,,,5.0,,19.0,,,,,1.0,,17.0,,,,,0.0,0.0,0.0,0.09643201542912247,0.0,0.034334453720770534,0.0,0.0,0.0,0.0,0.1347708894878706,0.0,0.03217564114696697,0.0,0.0,0.0,12,0.8571428571428571,0.2977129997847306,0.2977129997847306,0.2977129997847306,0.2977129997847306,114,115,114,115,1
87,Benin,,,,,,65.0,4.0,,,,,,60.0,6.0,,,,0.0,0.0,0.0,0.0,0.0,0.11745997325526762,0.02788622420524261,0.0,0.0,0.0,0.0,0.0,0.1135610864010599,0.03575046177679795,0.0,0.0,12,0.8571428571428571,0.2946577456383681,0.2946577456383681,0.2946577456383681,0.2946577456383681,115,116,115,116,1
96,Cameroon,,,,,2.0,49.0,,,,,,6.0,36.0,,,,,0.0,0.0,0.0,0.0,0.011784115012962526,0.0885467490693556,0.0,0.0,0.0,0.0,0.0,0.1156737998843262,0.06813665184063594,0.0,0.0,0.0,12,0.8571428571428571,0.28414131580728025,0.28414131580728025,0.28414131580728025,0.28414131580728025,116,117,116,117,1
180,Zambia,,,,,3.0,12.0,2.0,,,,,3.0,60.0,8.0,,,,0.0,0.0,0.0,0.0,0.01767617251944379,0.021684918139434024,0.013943112102621304,0.0,0.0,0.0,0.0,0.0578368999421631,0.1135610864010599,0.04766728236906393,0.0,0.0,10,0.7142857142857143,0.27236947147378604,0.27236947147378604,0.27236947147378604,0.27236947147378604,117,118,117,118,1
91,Botswana,,,,,10.0,20.0,,,,,,8.0,11.0,,,,,0.0,0.0,0.0,0.0,0.05892057506481263,0.03614153023239004,0.0,0.0,0.0,0.0,0.0,0.1542317331791016,0.020819532506860982,0.0,0.0,0.0,12,0.8571428571428571,0.27011337098316524,0.27011337098316524,0.27011337098316524,0.27011337098316524,118,119,118,119,1
159,Papua New Guinea,,,,5.0,,9.0,,,,,1.0,,5.0,,,,,0.0,0.0,0.0,0.09643201542912247,0.0,0.016263688604575516,0.0,0.0,0.0,0.0,0.1347708894878706,0.0,0.009463423866754993,0.0,0.0,0.0,12,0.8571428571428571,0.2569300173883236,0.2569300173883236,0.2569300173883236,0.2569300173883236,119,120,119,120,1
92,British Indian Ocean Territory,,,,,29.0,8.0,,,,,,2.0,13.0,,,,,0.0,0.0,0.0,0.0,0.17086966768795664,0.014456612092956015,0.0,0.0,0.0,0.0,0.0,0.0385579332947754,0.02460490205356298,0.0,0.0,0.0,12,0.8571428571428571,0.24848911512925104,0.24848911512925104,0.24848911512925104,0.24848911512925104,120,121,120,121,1
105,Democratic Republic Of Congo,,,,,4.0,14.0,,,,,,6.0,14.0,,,,,0.0,0.0,0.0,0.0,0.023568230025925053,0.025299071162673027,0.0,0.0,0.0,0.0,0.0,0.1156737998843262,0.02649758682691398,0.0,0.0,0.0,12,0.8571428571428571,0.19103868789983824,0.19103868789983824,0.19103868789983824,0.19103868789983824,121,122,121,122,1
94,Burundi,,,,,2.0,2.0,,,,,,8.0,1.0,,,,,0.0,0.0,0.0,0.0,0.011784115012962526,0.0036141530232390038,0.0,0.0,0.0,0.0,0.0,0.1542317331791016,0.0018926847733509984,0.0,0.0,0.0,12,0.8571428571428571,0.17152268598865414,0.17152268598865414,0.17152268598865414,0.17152268598865414,122,123,122,123,1
177,Uzbekistan,,,,,,53.0,,,,,,,40.0,,,,,0.0,0.0,0.0,0.0,0.0,0.0957750551158336,0.0,0.0,0.0,0.0,0.0,0.0,0.07570739093403994,0.0,0.0,0.0,14,1.0,0.17148244604987356,0.17148244604987356,0.17148244604987356,0.17148244604987356,123,124,123,124,1
80,Afghanistan,,,,,,19.0,,,,,,,71.0,,,,,0.0,0.0,0.0,0.0,0.0,0.034334453720770534,0.0,0.0,0.0,0.0,0.0,0.0,0.13438061890792088,0.0,0.0,0.0,14,1.0,0.16871507262869143,0.16871507262869143,0.16871507262869143,0.16871507262869143,124,125,124,125,1
85,Azerbaijan,,,,,,61.0,,,,,,,30.0,,,,,0.0,0.0,0.0,0.0,0.0,0.11023166720878962,0.0,0.0,0.0,0.0,0.0,0.0,0.05678054320052995,0.0,0.0,0.0,14,1.0,0.16701221040931957,0.16701221040931957,0.16701221040931957,0.16701221040931957,125,126,125,126,1
127,Jamaica,,,,,,16.0,,,,,,,66.0,,,,,0.0,0.0,0.0,0.0,0.0,0.02891322418591203,0.0,0.0,0.0,0.0,0.0,0.0,0.1249171950411659,0.0,0.0,0.0,14,1.0,0.15383041922707794,0.15383041922707794,0.15383041922707794,0.15383041922707794,126,127,126,127,1
176,Tuvalu,,,,,,25.0,,,,,,,47.0,,,,,0.0,0.0,0.0,0.0,0.0,0.04517691279048755,0.0,0.0,0.0,0.0,0.0,0.0,0.08895618434749693,0.0,0.0,0.0,14,1.0,0.1341330971379845,0.1341330971379845,0.1341330971379845,0.1341330971379845,127,128,127,128,1
99,Congo,,,,,,9.0,,,,,,,59.0,,,,,0.0,0.0,0.0,0.0,0.0,0.016263688604575516,0.0,0.0,0.0,0.0,0.0,0.0,0.1116684016277089,0.0,0.0,0.0,14,1.0,0.1279320902322844,0.1279320902322844,0.1279320902322844,0.1279320902322844,128,129,128,129,1
19,Czech Republic,0.0,67481185.0,,,,,,,,,,,,,,,,0.0,0.12756367674858224,0.0,0.0,0.0,0.0,0.0,0.0,0.0,0.0,0.0,0.0,0.0,0.0,0.0,0.0,14,1.0,0.12756367674858224,0.8929457372400756,0.12756367674858224,0.8929457372400756,129,90,129,90,39
140,Mali,,,,,,4.0,,,,,,,62.0,,,,,0.0,0.0,0.0,0.0,0.0,0.0072283060464780075,0.0,0.0,0.0,0.0,0.0,0.0,0.1173464559477619,0.0,0.0,0.0,14,1.0,0.1245747619942399,0.1245747619942399,0.1245747619942399,0.1245747619942399,130,130,130,130,0
165,Saint Kitts And Nevis,,,,,,38.0,,,,,,,25.0,,,,,0.0,0.0,0.0,0.0,0.0,0.06866890744154107,0.0,0.0,0.0,0.0,0.0,0.0,0.04731711933377496,0.0,0.0,0.0,14,1.0,0.11598602677531603,0.11598602677531603,0.11598602677531603,0.11598602677531603,131,131,131,131,0
129,Kosovo,,,,,,12.0,2.0,,,,,,25.0,5.0,,,,0.0,0.0,0.0,0.0,0.0,0.021684918139434024,0.013943112102621304,0.0,0.0,0.0,0.0,0.0,0.04731711933377496,0.02979205148066496,0.0,0.0,12,0.8571428571428571,0.11273720105649525,0.11273720105649525,0.11273720105649525,0.11273720105649525,132,132,132,132,0
166,Senegal,,,,,8.0,11.0,,,,,,1.0,13.0,,,,,0.0,0.0,0.0,0.0,0.047136460051850106,0.019877841627814523,0.0,0.0,0.0,0.0,0.0,0.0192789666473877,0.02460490205356298,0.0,0.0,0.0,12,0.8571428571428571,0.11089817038061531,0.11089817038061531,0.11089817038061531,0.11089817038061531,133,133,133,133,0
149,Namibia,,,,,6.0,14.0,,,,,,1.0,14.0,,,,,0.0,0.0,0.0,0.0,0.03535234503888758,0.025299071162673027,0.0,0.0,0.0,0.0,0.0,0.0192789666473877,0.02649758682691398,0.0,0.0,0.0,12,0.8571428571428571,0.1064279696758623,0.1064279696758623,0.1064279696758623,0.1064279696758623,134,134,134,134,0
158,Panama,,,,,,11.0,4.0,,,,,,6.0,7.0,,,,0.0,0.0,0.0,0.0,0.0,0.019877841627814523,0.02788622420524261,0.0,0.0,0.0,0.0,0.0,0.011356108640105991,0.04170887207293094,0.0,0.0,12,0.8571428571428571,0.10082904654609406,0.10082904654609406,0.10082904654609406,0.10082904654609406,135,135,135,135,0
148,Myanmar,,,,,,22.0,,,,,,,28.0,,,,,0.0,0.0,0.0,0.0,0.0,0.039755683255629046,0.0,0.0,0.0,0.0,0.0,0.0,0.05299517365382796,0.0,0.0,0.0,14,1.0,0.092750856909457,0.092750856909457,0.092750856909457,0.092750856909457,136,136,136,136,0
121,Guatemala,,,,,,32.0,,,,,,,16.0,,,,,0.0,0.0,0.0,0.0,0.0,0.05782644837182406,0.0,0.0,0.0,0.0,0.0,0.0,0.030282956373615975,0.0,0.0,0.0,14,1.0,0.08810940474544003,0.08810940474544003,0.08810940474544003,0.08810940474544003,137,137,137,137,0
84,Antigua And Barbuda,,,,,,31.0,,,,,,,15.0,,,,,0.0,0.0,0.0,0.0,0.0,0.05601937186020456,0.0,0.0,0.0,0.0,0.0,0.0,0.028390271600264975,0.0,0.0,0.0,14,1.0,0.08440964346046953,0.08440964346046953,0.08440964346046953,0.08440964346046953,138,138,138,138,0
108,El Salvador,,,,,4.0,,,,,,,2.0,,,,,,0.0,0.0,0.0,0.0,0.023568230025925053,0.0,0.0,0.0,0.0,0.0,0.0,0.0385579332947754,0.0,0.0,0.0,0.0,14,1.0,0.06212616332070045,0.06212616332070045,0.06212616332070045,0.06212616332070045,139,139,139,139,0
138,Malawi,,,,,,11.0,,,,,,,17.0,,,,,0.0,0.0,0.0,0.0,0.0,0.019877841627814523,0.0,0.0,0.0,0.0,0.0,0.0,0.03217564114696697,0.0,0.0,0.0,14,1.0,0.052053482774781494,0.052053482774781494,0.052053482774781494,0.052053482774781494,140,140,140,140,0
167,Seychelles,,,,,,1.0,,,,,,,26.0,,,,,0.0,0.0,0.0,0.0,0.0,0.0018070765116195019,0.0,0.0,0.0,0.0,0.0,0.0,0.04920980410712596,0.0,0.0,0.0,14,1.0,0.05101688061874546,0.05101688061874546,0.05101688061874546,0.05101688061874546,141,141,141,141,0
168,South Sudan,,,,,1.0,,,,,,,2.0,,,,,,0.0,0.0,0.0,0.0,0.005892057506481263,0.0,0.0,0.0,0.0,0.0,0.0,0.0385579332947754,0.0,0.0,0.0,0.0,14,1.0,0.04444999080125667,0.04444999080125667,0.04444999080125667,0.04444999080125667,142,142,142,142,0
112,Faroe Islands,,,,,,7.0,,,,,,,16.0,,,,,0.0,0.0,0.0,0.0,0.0,0.012649535581336514,0.0,0.0,0.0,0.0,0.0,0.0,0.030282956373615975,0.0,0.0,0.0,14,1.0,0.04293249195495249,0.04293249195495249,0.04293249195495249,0.04293249195495249,143,143,143,143,0
131,Kyrgyzstan,,,,,,14.0,,,,,,,7.0,,,,,0.0,0.0,0.0,0.0,0.0,0.025299071162673027,0.0,0.0,0.0,0.0,0.0,0.0,0.01324879341345699,0.0,0.0,0.0,14,1.0,0.03854786457613002,0.03854786457613002,0.03854786457613002,0.03854786457613002,144,144,144,144,0
120,Guadeloupe,,,,,2.0,3.0,,,,,,1.0,1.0,,,,,0.0,0.0,0.0,0.0,0.011784115012962526,0.005421229534858506,0.0,0.0,0.0,0.0,0.0,0.0192789666473877,0.0018926847733509984,0.0,0.0,0.0,12,0.8571428571428571,0.03837699596855973,0.03837699596855973,0.03837699596855973,0.03837699596855973,145,145,145,145,0
163,Reunion,,,,,3.0,,,,,,,1.0,,,,,,0.0,0.0,0.0,0.0,0.01767617251944379,0.0,0.0,0.0,0.0,0.0,0.0,0.0192789666473877,0.0,0.0,0.0,0.0,14,1.0,0.03695513916683149,0.03695513916683149,0.03695513916683149,0.03695513916683149,146,146,146,146,0
137,Madagascar,,,,,,9.0,,,,,,,10.0,,,,,0.0,0.0,0.0,0.0,0.0,0.016263688604575516,0.0,0.0,0.0,0.0,0.0,0.0,0.018926847733509986,0.0,0.0,0.0,14,1.0,0.0351905363380855,0.0351905363380855,0.0351905363380855,0.0351905363380855,147,147,147,147,0
134,Liechtenstein,,,,,,3.0,2.0,,,,,,2.0,2.0,,,,0.0,0.0,0.0,0.0,0.0,0.005421229534858506,0.013943112102621304,0.0,0.0,0.0,0.0,0.0,0.003785369546701997,0.011916820592265983,0.0,0.0,12,0.8571428571428571,0.03506653177644779,0.03506653177644779,0.03506653177644779,0.03506653177644779,148,148,148,148,0
119,Grenada,,,,,,7.0,1.0,,,,,,4.0,1.0,,,,0.0,0.0,0.0,0.0,0.0,0.012649535581336514,0.006971556051310652,0.0,0.0,0.0,0.0,0.0,0.007570739093403994,0.005958410296132991,0.0,0.0,12,0.8571428571428571,0.03315024102218415,0.03315024102218415,0.03315024102218415,0.03315024102218415,149,149,149,149,0
174,Trinidad And Tobago,,,,,,11.0,,,,,,,7.0,,,,,0.0,0.0,0.0,0.0,0.0,0.019877841627814523,0.0,0.0,0.0,0.0,0.0,0.0,0.01324879341345699,0.0,0.0,0.0,14,1.0,0.033126635041271515,0.033126635041271515,0.033126635041271515,0.033126635041271515,150,150,150,150,0
154,North Korea,,,,,,13.0,,,,,,,4.0,,,,,0.0,0.0,0.0,0.0,0.0,0.023491994651053526,0.0,0.0,0.0,0.0,0.0,0.0,0.007570739093403994,0.0,0.0,0.0,14,1.0,0.03106273374445752,0.03106273374445752,0.03106273374445752,0.03106273374445752,151,151,151,151,0
53,Puerto Rico,0.0,0.0,,,,8.0,,,,,,,8.0,,,,,0.0,0.0,0.0,0.0,0.0,0.014456612092956015,0.0,0.0,0.0,0.0,0.0,0.0,0.015141478186807987,0.0,0.0,0.0,12,0.8571428571428571,0.029598090279764004,0.029598090279764004,0.029598090279764004,0.029598090279764004,152,152,152,152,0
173,Togo,,,,,,5.0,,,,,,,10.0,,,,,0.0,0.0,0.0,0.0,0.0,0.00903538255809751,0.0,0.0,0.0,0.0,0.0,0.0,0.018926847733509986,0.0,0.0,0.0,14,1.0,0.027962230291607496,0.027962230291607496,0.027962230291607496,0.027962230291607496,153,153,153,153,0
153,Niger,,,,,,4.0,,,,,,,10.0,,,,,0.0,0.0,0.0,0.0,0.0,0.0072283060464780075,0.0,0.0,0.0,0.0,0.0,0.0,0.018926847733509986,0.0,0.0,0.0,14,1.0,0.02615515377998799,0.02615515377998799,0.02615515377998799,0.02615515377998799,154,154,154,154,0
115,Gabon,,,,,,5.0,,,,,,,7.0,,,,,0.0,0.0,0.0,0.0,0.0,0.00903538255809751,0.0,0.0,0.0,0.0,0.0,0.0,0.01324879341345699,0.0,0.0,0.0,14,1.0,0.0222841759715545,0.0222841759715545,0.0222841759715545,0.0222841759715545,155,155,155,155,0
89,Bolivia,,,,,,8.0,,,,,,,4.0,,,,,0.0,0.0,0.0,0.0,0.0,0.014456612092956015,0.0,0.0,0.0,0.0,0.0,0.0,0.007570739093403994,0.0,0.0,0.0,14,1.0,0.022027351186360008,0.022027351186360008,0.022027351186360008,0.022027351186360008,156,156,156,156,0
88,Bhutan,,,,,,6.0,,,,,,,5.0,,,,,0.0,0.0,0.0,0.0,0.0,0.010842459069717012,0.0,0.0,0.0,0.0,0.0,0.0,0.009463423866754993,0.0,0.0,0.0,14,1.0,0.020305882936472005,0.020305882936472005,0.020305882936472005,0.020305882936472005,157,157,157,157,0
152,Nicaragua,,,,,,7.0,,,,,,,3.0,,,,,0.0,0.0,0.0,0.0,0.0,0.012649535581336514,0.0,0.0,0.0,0.0,0.0,0.0,0.0056780543200529955,0.0,0.0,0.0,14,1.0,0.01832758990138951,0.01832758990138951,0.01832758990138951,0.01832758990138951,158,158,158,158,0
101,Cote Ivoire,,,,,,9.0,,,,,,,1.0,,,,,0.0,0.0,0.0,0.0,0.0,0.016263688604575516,0.0,0.0,0.0,0.0,0.0,0.0,0.0018926847733509984,0.0,0.0,0.0,14,1.0,0.018156373377926516,0.018156373377926516,0.018156373377926516,0.018156373377926516,159,159,159,159,0
139,Maldives,,,,,,7.0,,,,,,,2.0,,,,,0.0,0.0,0.0,0.0,0.0,0.012649535581336514,0.0,0.0,0.0,0.0,0.0,0.0,0.003785369546701997,0.0,0.0,0.0,14,1.0,0.01643490512803851,0.01643490512803851,0.01643490512803851,0.01643490512803851,160,160,160,160,0
132,Laos,,,,,,7.0,,,,,,,2.0,,,,,0.0,0.0,0.0,0.0,0.0,0.012649535581336514,0.0,0.0,0.0,0.0,0.0,0.0,0.003785369546701997,0.0,0.0,0.0,14,1.0,0.01643490512803851,0.01643490512803851,0.01643490512803851,0.01643490512803851,160,160,160,160,0
151,New Caledonia,,,,,,8.0,,,,,,,1.0,,,,,0.0,0.0,0.0,0.0,0.0,0.014456612092956015,0.0,0.0,0.0,0.0,0.0,0.0,0.0018926847733509984,0.0,0.0,0.0,14,1.0,0.016349296866307015,0.016349296866307015,0.016349296866307015,0.016349296866307015,162,162,162,162,0
98,Chad,,,,,,5.0,,,,,,,3.0,,,,,0.0,0.0,0.0,0.0,0.0,0.00903538255809751,0.0,0.0,0.0,0.0,0.0,0.0,0.0056780543200529955,0.0,0.0,0.0,14,1.0,0.014713436878150507,0.014713436878150507,0.014713436878150507,0.014713436878150507,163,163,163,163,0
118,Greenland,,,,,,,1.0,,,,,,,1.0,,,,0.0,0.0,0.0,0.0,0.0,0.0,0.006971556051310652,0.0,0.0,0.0,0.0,0.0,0.0,0.005958410296132991,0.0,0.0,14,1.0,0.012929966347443644,0.012929966347443644,0.012929966347443644,0.012929966347443644,164,164,164,164,0
104,Cte D'Ivoire,,,,,,,1.0,,,,,,,1.0,,,,0.0,0.0,0.0,0.0,0.0,0.0,0.006971556051310652,0.0,0.0,0.0,0.0,0.0,0.0,0.005958410296132991,0.0,0.0,14,1.0,0.012929966347443644,0.012929966347443644,0.012929966347443644,0.012929966347443644,164,164,164,164,0
106,Dominican Republic,,,,,,4.0,,,,,,,3.0,,,,,0.0,0.0,0.0,0.0,0.0,0.0072283060464780075,0.0,0.0,0.0,0.0,0.0,0.0,0.0056780543200529955,0.0,0.0,0.0,14,1.0,0.012906360366531002,0.012906360366531002,0.012906360366531002,0.012906360366531002,166,166,166,166,0
110,Eswatini,,,,,,4.0,,,,,,,3.0,,,,,0.0,0.0,0.0,0.0,0.0,0.0072283060464780075,0.0,0.0,0.0,0.0,0.0,0.0,0.0056780543200529955,0.0,0.0,0.0,14,1.0,0.012906360366531002,0.012906360366531002,0.012906360366531002,0.012906360366531002,166,166,166,166,0
171,Tajikistan,,,,,,6.0,,,,,,,1.0,,,,,0.0,0.0,0.0,0.0,0.0,0.010842459069717012,0.0,0.0,0.0,0.0,0.0,0.0,0.0018926847733509984,0.0,0.0,0.0,14,1.0,0.01273514384306801,0.01273514384306801,0.01273514384306801,0.01273514384306801,168,168,168,168,0
109,Eritrea,,,,,,1.0,,,,,,,5.0,,,,,0.0,0.0,0.0,0.0,0.0,0.0018070765116195019,0.0,0.0,0.0,0.0,0.0,0.0,0.009463423866754993,0.0,0.0,0.0,14,1.0,0.011270500378374494,0.011270500378374494,0.011270500378374494,0.011270500378374494,169,169,169,169,0
83,Angola,,,,,,4.0,,,,,,,1.0,,,,,0.0,0.0,0.0,0.0,0.0,0.0072283060464780075,0.0,0.0,0.0,0.0,0.0,0.0,0.0018926847733509984,0.0,0.0,0.0,14,1.0,0.009120990819829006,0.009120990819829006,0.009120990819829006,0.009120990819829006,170,170,170,170,0
141,Martinique,,,,,,4.0,,,,,,,1.0,,,,,0.0,0.0,0.0,0.0,0.0,0.0072283060464780075,0.0,0.0,0.0,0.0,0.0,0.0,0.0018926847733509984,0.0,0.0,0.0,14,1.0,0.009120990819829006,0.009120990819829006,0.009120990819829006,0.009120990819829006,170,170,170,170,0
122,Guinea,,,,,,2.0,,,,,,,2.0,,,,,0.0,0.0,0.0,0.0,0.0,0.0036141530232390038,0.0,0.0,0.0,0.0,0.0,0.0,0.003785369546701997,0.0,0.0,0.0,14,1.0,0.007399522569941001,0.007399522569941001,0.007399522569941001,0.007399522569941001,172,172,172,172,0
143,Moldova,,,,,,3.0,,,,,,,1.0,,,,,0.0,0.0,0.0,0.0,0.0,0.005421229534858506,0.0,0.0,0.0,0.0,0.0,0.0,0.0018926847733509984,0.0,0.0,0.0,14,1.0,0.007313914308209504,0.007313914308209504,0.007313914308209504,0.007313914308209504,173,173,173,173,0
135,Macau,,,,,,2.0,,,,,,,1.0,,,,,0.0,0.0,0.0,0.0,0.0,0.0036141530232390038,0.0,0.0,0.0,0.0,0.0,0.0,0.0018926847733509984,0.0,0.0,0.0,14,1.0,0.005506837796590002,0.005506837796590002,0.005506837796590002,0.005506837796590002,175,175,175,175,0
144,Monaco,,,,,,2.0,,,,,,,1.0,,,,,0.0,0.0,0.0,0.0,0.0,0.0036141530232390038,0.0,0.0,0.0,0.0,0.0,0.0,0.0018926847733509984,0.0,0.0,0.0,14,1.0,0.005506837796590002,0.005506837796590002,0.005506837796590002,0.005506837796590002,175,175,175,175,0
86,Bahamas,,,,,,2.0,,,,,,,1.0,,,,,0.0,0.0,0.0,0.0,0.0,0.0036141530232390038,0.0,0.0,0.0,0.0,0.0,0.0,0.0018926847733509984,0.0,0.0,0.0,14,1.0,0.005506837796590002,0.005506837796590002,0.005506837796590002,0.005506837796590002,175,175,175,175,0
123,Haiti,,,,,,1.0,,,,,,,1.0,,,,,0.0,0.0,0.0,0.0,0.0,0.0018070765116195019,0.0,0.0,0.0,0.0,0.0,0.0,0.0018926847733509984,0.0,0.0,0.0,14,1.0,0.0036997612849705005,0.0036997612849705005,0.0036997612849705005,0.0036997612849705005,178,178,178,178,0
97,Central African Republic,,,,,,1.0,,,,,,,1.0,,,,,0.0,0.0,0.0,0.0,0.0,0.0018070765116195019,0.0,0.0,0.0,0.0,0.0,0.0,0.0018926847733509984,0.0,0.0,0.0,14,1.0,0.0036997612849705005,0.0036997612849705005,0.0036997612849705005,0.0036997612849705005,178,178,178,178,0
114,French Guiana,,,,,,1.0,,,,,,,1.0,,,,,0.0,0.0,0.0,0.0,0.0,0.0018070765116195019,0.0,0.0,0.0,0.0,0.0,0.0,0.0018926847733509984,0.0,0.0,0.0,14,1.0,0.0036997612849705005,0.0036997612849705005,0.0036997612849705005,0.0036997612849705005,178,178,178,178,0
